BEGIN TRANSACTION;
CREATE TABLE City(id text primary key, name text, kana text, prefecture text, office text, region text);
INSERT INTO "City" VALUES('0110000','札幌市','さっぽろし','01','016000','010100');
INSERT INTO "City" VALUES('0120200','函館市','はこだてし','01','017000','010100');
INSERT INTO "City" VALUES('0120300','小樽市','おたるし','01','016000','010100');
INSERT INTO "City" VALUES('0120400','旭川市','あさひかわし','01','012000','010100');
INSERT INTO "City" VALUES('0120500','室蘭市','むろらんし','01','015000','010100');
INSERT INTO "City" VALUES('0120601','釧路市釧路','くしろしくしろ','01','014100','010100');
INSERT INTO "City" VALUES('0120602','釧路市阿寒','くしろしあかん','01','014100','010100');
INSERT INTO "City" VALUES('0120603','釧路市音別','くしろしおんべつ','01','014100','010100');
INSERT INTO "City" VALUES('0120700','帯広市','おびひろし','01','014030','010100');
INSERT INTO "City" VALUES('0120801','北見市北見','きたみしきたみ','01','013000','010100');
INSERT INTO "City" VALUES('0120802','北見市常呂','きたみしところ','01','013000','010100');
INSERT INTO "City" VALUES('0120900','夕張市','ゆうばりし','01','016000','010100');
INSERT INTO "City" VALUES('0121000','岩見沢市','いわみざわし','01','016000','010100');
INSERT INTO "City" VALUES('0121100','網走市','あばしりし','01','013000','010100');
INSERT INTO "City" VALUES('0121200','留萌市','るもいし','01','012000','010100');
INSERT INTO "City" VALUES('0121300','苫小牧市','とまこまいし','01','015000','010100');
INSERT INTO "City" VALUES('0121400','稚内市','わっかないし','01','011000','010100');
INSERT INTO "City" VALUES('0121500','美唄市','びばいし','01','016000','010100');
INSERT INTO "City" VALUES('0121600','芦別市','あしべつし','01','016000','010100');
INSERT INTO "City" VALUES('0121700','江別市','えべつし','01','016000','010100');
INSERT INTO "City" VALUES('0121800','赤平市','あかびらし','01','016000','010100');
INSERT INTO "City" VALUES('0121900','紋別市','もんべつし','01','013000','010100');
INSERT INTO "City" VALUES('0122000','士別市','しべつし','01','012000','010100');
INSERT INTO "City" VALUES('0122100','名寄市','なよろし','01','012000','010100');
INSERT INTO "City" VALUES('0122200','三笠市','みかさし','01','016000','010100');
INSERT INTO "City" VALUES('0122300','根室市','ねむろし','01','014100','010100');
INSERT INTO "City" VALUES('0122400','千歳市','ちとせし','01','016000','010100');
INSERT INTO "City" VALUES('0122500','滝川市','たきかわし','01','016000','010100');
INSERT INTO "City" VALUES('0122600','砂川市','すながわし','01','016000','010100');
INSERT INTO "City" VALUES('0122700','歌志内市','うたしないし','01','016000','010100');
INSERT INTO "City" VALUES('0122800','深川市','ふかがわし','01','016000','010100');
INSERT INTO "City" VALUES('0122900','富良野市','ふらのし','01','012000','010100');
INSERT INTO "City" VALUES('0123000','登別市','のぼりべつし','01','015000','010100');
INSERT INTO "City" VALUES('0123100','恵庭市','えにわし','01','016000','010100');
INSERT INTO "City" VALUES('0123301','伊達市伊達','だてしだて','01','015000','010100');
INSERT INTO "City" VALUES('0123302','伊達市大滝','だてしおおたき','01','015000','010100');
INSERT INTO "City" VALUES('0123400','北広島市','きたひろしまし','01','016000','010100');
INSERT INTO "City" VALUES('0123500','石狩市','いしかりし','01','016000','010100');
INSERT INTO "City" VALUES('0123600','北斗市','ほくとし','01','017000','010100');
INSERT INTO "City" VALUES('0130300','当別町','とうべつちょう','01','016000','010100');
INSERT INTO "City" VALUES('0130400','新篠津村','しんしのつむら','01','016000','010100');
INSERT INTO "City" VALUES('0133100','松前町','まつまえちょう','01','017000','010100');
INSERT INTO "City" VALUES('0133200','福島町','ふくしまちょう','01','017000','010100');
INSERT INTO "City" VALUES('0133300','知内町','しりうちちょう','01','017000','010100');
INSERT INTO "City" VALUES('0133400','木古内町','きこないちょう','01','017000','010100');
INSERT INTO "City" VALUES('0133700','七飯町','ななえちょう','01','017000','010100');
INSERT INTO "City" VALUES('0134300','鹿部町','しかべちょう','01','017000','010100');
INSERT INTO "City" VALUES('0134500','森町','もりまち','01','017000','010100');
INSERT INTO "City" VALUES('0134601','八雲町八雲','やくもちょうやくも','01','017000','010100');
INSERT INTO "City" VALUES('0134602','八雲町熊石','やくもちょうくまいし','01','017000','010100');
INSERT INTO "City" VALUES('0134700','長万部町','おしゃまんべちょう','01','017000','010100');
INSERT INTO "City" VALUES('0136100','江差町','えさしちょう','01','017000','010100');
INSERT INTO "City" VALUES('0136200','上ノ国町','かみのくにちょう','01','017000','010100');
INSERT INTO "City" VALUES('0136300','厚沢部町','あっさぶちょう','01','017000','010100');
INSERT INTO "City" VALUES('0136400','乙部町','おとべちょう','01','017000','010100');
INSERT INTO "City" VALUES('0136700','奥尻町','おくしりちょう','01','017000','010100');
INSERT INTO "City" VALUES('0137000','今金町','いまかねちょう','01','017000','010100');
INSERT INTO "City" VALUES('0137100','せたな町','せたなちょう','01','017000','010100');
INSERT INTO "City" VALUES('0139100','島牧村','しままきむら','01','016000','010100');
INSERT INTO "City" VALUES('0139200','寿都町','すっつちょう','01','016000','010100');
INSERT INTO "City" VALUES('0139300','黒松内町','くろまつないちょう','01','016000','010100');
INSERT INTO "City" VALUES('0139400','蘭越町','らんこしちょう','01','016000','010100');
INSERT INTO "City" VALUES('0139500','ニセコ町','にせこちょう','01','016000','010100');
INSERT INTO "City" VALUES('0139600','真狩村','まっかりむら','01','016000','010100');
INSERT INTO "City" VALUES('0139700','留寿都村','るすつむら','01','016000','010100');
INSERT INTO "City" VALUES('0139800','喜茂別町','きもべつちょう','01','016000','010100');
INSERT INTO "City" VALUES('0139900','京極町','きょうごくちょう','01','016000','010100');
INSERT INTO "City" VALUES('0140000','倶知安町','くっちゃんちょう','01','016000','010100');
INSERT INTO "City" VALUES('0140100','共和町','きょうわちょう','01','016000','010100');
INSERT INTO "City" VALUES('0140200','岩内町','いわないちょう','01','016000','010100');
INSERT INTO "City" VALUES('0140300','泊村','とまりむら','01','016000','010100');
INSERT INTO "City" VALUES('0140400','神恵内村','かもえないむら','01','016000','010100');
INSERT INTO "City" VALUES('0140500','積丹町','しゃこたんちょう','01','016000','010100');
INSERT INTO "City" VALUES('0140600','古平町','ふるびらちょう','01','016000','010100');
INSERT INTO "City" VALUES('0140700','仁木町','にきちょう','01','016000','010100');
INSERT INTO "City" VALUES('0140800','余市町','よいちちょう','01','016000','010100');
INSERT INTO "City" VALUES('0140900','赤井川村','あかいがわむら','01','016000','010100');
INSERT INTO "City" VALUES('0142300','南幌町','なんぽろちょう','01','016000','010100');
INSERT INTO "City" VALUES('0142400','奈井江町','ないえちょう','01','016000','010100');
INSERT INTO "City" VALUES('0142500','上砂川町','かみすながわちょう','01','016000','010100');
INSERT INTO "City" VALUES('0142700','由仁町','ゆにちょう','01','016000','010100');
INSERT INTO "City" VALUES('0142800','長沼町','ながぬまちょう','01','016000','010100');
INSERT INTO "City" VALUES('0142900','栗山町','くりやまちょう','01','016000','010100');
INSERT INTO "City" VALUES('0143000','月形町','つきがたちょう','01','016000','010100');
INSERT INTO "City" VALUES('0143100','浦臼町','うらうすちょう','01','016000','010100');
INSERT INTO "City" VALUES('0143200','新十津川町','しんとつかわちょう','01','016000','010100');
INSERT INTO "City" VALUES('0143300','妹背牛町','もせうしちょう','01','016000','010100');
INSERT INTO "City" VALUES('0143400','秩父別町','ちっぷべつちょう','01','016000','010100');
INSERT INTO "City" VALUES('0143600','雨竜町','うりゅうちょう','01','016000','010100');
INSERT INTO "City" VALUES('0143700','北竜町','ほくりゅうちょう','01','016000','010100');
INSERT INTO "City" VALUES('0143800','沼田町','ぬまたちょう','01','016000','010100');
INSERT INTO "City" VALUES('0145200','鷹栖町','たかすちょう','01','012000','010100');
INSERT INTO "City" VALUES('0145300','東神楽町','ひがしかぐらちょう','01','012000','010100');
INSERT INTO "City" VALUES('0145400','当麻町','とうまちょう','01','012000','010100');
INSERT INTO "City" VALUES('0145500','比布町','ぴっぷちょう','01','012000','010100');
INSERT INTO "City" VALUES('0145600','愛別町','あいべつちょう','01','012000','010100');
INSERT INTO "City" VALUES('0145700','上川町','かみかわちょう','01','012000','010100');
INSERT INTO "City" VALUES('0145800','東川町','ひがしかわちょう','01','012000','010100');
INSERT INTO "City" VALUES('0145900','美瑛町','びえいちょう','01','012000','010100');
INSERT INTO "City" VALUES('0146000','上富良野町','かみふらのちょう','01','012000','010100');
INSERT INTO "City" VALUES('0146100','中富良野町','なかふらのちょう','01','012000','010100');
INSERT INTO "City" VALUES('0146200','南富良野町','みなみふらのちょう','01','012000','010100');
INSERT INTO "City" VALUES('0146300','占冠村','しむかっぷむら','01','012000','010100');
INSERT INTO "City" VALUES('0146400','和寒町','わっさむちょう','01','012000','010100');
INSERT INTO "City" VALUES('0146500','剣淵町','けんぶちちょう','01','012000','010100');
INSERT INTO "City" VALUES('0146800','下川町','しもかわちょう','01','012000','010100');
INSERT INTO "City" VALUES('0146900','美深町','びふかちょう','01','012000','010100');
INSERT INTO "City" VALUES('0147000','音威子府村','おといねっぷむら','01','012000','010100');
INSERT INTO "City" VALUES('0147100','中川町','なかがわちょう','01','012000','010100');
INSERT INTO "City" VALUES('0147200','幌加内町','ほろかないちょう','01','012000','010100');
INSERT INTO "City" VALUES('0148100','増毛町','ましけちょう','01','012000','010100');
INSERT INTO "City" VALUES('0148200','小平町','おびらちょう','01','012000','010100');
INSERT INTO "City" VALUES('0148300','苫前町','とままえちょう','01','012000','010100');
INSERT INTO "City" VALUES('0148401','羽幌町','はぼろちょう','01','012000','010100');
INSERT INTO "City" VALUES('0148402','羽幌町天売焼尻','はぼろちょうてうりやぎしり','01','012000','010100');
INSERT INTO "City" VALUES('0148500','初山別村','しょさんべつむら','01','012000','010100');
INSERT INTO "City" VALUES('0148600','遠別町','えんべつちょう','01','012000','010100');
INSERT INTO "City" VALUES('0148700','天塩町','てしおちょう','01','012000','010100');
INSERT INTO "City" VALUES('0151100','猿払村','さるふつむら','01','011000','010100');
INSERT INTO "City" VALUES('0151200','浜頓別町','はまとんべつちょう','01','011000','010100');
INSERT INTO "City" VALUES('0151300','中頓別町','なかとんべつちょう','01','011000','010100');
INSERT INTO "City" VALUES('0151400','枝幸町','えさしちょう','01','011000','010100');
INSERT INTO "City" VALUES('0151600','豊富町','とよとみちょう','01','011000','010100');
INSERT INTO "City" VALUES('0151700','礼文町','れぶんちょう','01','011000','010100');
INSERT INTO "City" VALUES('0151800','利尻町','りしりちょう','01','011000','010100');
INSERT INTO "City" VALUES('0151900','利尻富士町','りしりふじちょう','01','011000','010100');
INSERT INTO "City" VALUES('0152000','幌延町','ほろのべちょう','01','011000','010100');
INSERT INTO "City" VALUES('0154300','美幌町','びほろちょう','01','013000','010100');
INSERT INTO "City" VALUES('0154400','津別町','つべつちょう','01','013000','010100');
INSERT INTO "City" VALUES('0154500','斜里町','しゃりちょう','01','013000','010100');
INSERT INTO "City" VALUES('0154600','清里町','きよさとちょう','01','013000','010100');
INSERT INTO "City" VALUES('0154700','小清水町','こしみずちょう','01','013000','010100');
INSERT INTO "City" VALUES('0154900','訓子府町','くんねっぷちょう','01','013000','010100');
INSERT INTO "City" VALUES('0155000','置戸町','おけとちょう','01','013000','010100');
INSERT INTO "City" VALUES('0155200','佐呂間町','さろまちょう','01','013000','010100');
INSERT INTO "City" VALUES('0155500','遠軽町','えんがるちょう','01','013000','010100');
INSERT INTO "City" VALUES('0155900','湧別町','ゆうべつちょう','01','013000','010100');
INSERT INTO "City" VALUES('0156000','滝上町','たきのうえちょう','01','013000','010100');
INSERT INTO "City" VALUES('0156100','興部町','おこっぺちょう','01','013000','010100');
INSERT INTO "City" VALUES('0156200','西興部村','にしおこっぺむら','01','013000','010100');
INSERT INTO "City" VALUES('0156300','雄武町','おうむちょう','01','013000','010100');
INSERT INTO "City" VALUES('0156400','大空町','おおぞらちょう','01','013000','010100');
INSERT INTO "City" VALUES('0157100','豊浦町','とようらちょう','01','015000','010100');
INSERT INTO "City" VALUES('0157500','壮瞥町','そうべつちょう','01','015000','010100');
INSERT INTO "City" VALUES('0157800','白老町','しらおいちょう','01','015000','010100');
INSERT INTO "City" VALUES('0158100','厚真町','あつまちょう','01','015000','010100');
INSERT INTO "City" VALUES('0158400','洞爺湖町','とうやこちょう','01','015000','010100');
INSERT INTO "City" VALUES('0158500','安平町','あびらちょう','01','015000','010100');
INSERT INTO "City" VALUES('0158600','むかわ町','むかわちょう','01','015000','010100');
INSERT INTO "City" VALUES('0160101','日高町日高','ひだかちょうひだか','01','015000','010100');
INSERT INTO "City" VALUES('0160102','日高町門別','ひだかちょうもんべつ','01','015000','010100');
INSERT INTO "City" VALUES('0160200','平取町','びらとりちょう','01','015000','010100');
INSERT INTO "City" VALUES('0160400','新冠町','にいかっぷちょう','01','015000','010100');
INSERT INTO "City" VALUES('0160700','浦河町','うらかわちょう','01','015000','010100');
INSERT INTO "City" VALUES('0160800','様似町','さまにちょう','01','015000','010100');
INSERT INTO "City" VALUES('0160900','えりも町','えりもちょう','01','015000','010100');
INSERT INTO "City" VALUES('0161000','新ひだか町','しんひだかちょう','01','015000','010100');
INSERT INTO "City" VALUES('0163100','音更町','おとふけちょう','01','014030','010100');
INSERT INTO "City" VALUES('0163200','士幌町','しほろちょう','01','014030','010100');
INSERT INTO "City" VALUES('0163300','上士幌町','かみしほろちょう','01','014030','010100');
INSERT INTO "City" VALUES('0163400','鹿追町','しかおいちょう','01','014030','010100');
INSERT INTO "City" VALUES('0163500','新得町','しんとくちょう','01','014030','010100');
INSERT INTO "City" VALUES('0163600','清水町','しみずちょう','01','014030','010100');
INSERT INTO "City" VALUES('0163700','芽室町','めむろちょう','01','014030','010100');
INSERT INTO "City" VALUES('0163800','中札内村','なかさつないむら','01','014030','010100');
INSERT INTO "City" VALUES('0163900','更別村','さらべつむら','01','014030','010100');
INSERT INTO "City" VALUES('0164100','大樹町','たいきちょう','01','014030','010100');
INSERT INTO "City" VALUES('0164200','広尾町','ひろおちょう','01','014030','010100');
INSERT INTO "City" VALUES('0164300','幕別町','まくべつちょう','01','014030','010100');
INSERT INTO "City" VALUES('0164400','池田町','いけだちょう','01','014030','010100');
INSERT INTO "City" VALUES('0164500','豊頃町','とよころちょう','01','014030','010100');
INSERT INTO "City" VALUES('0164600','本別町','ほんべつちょう','01','014030','010100');
INSERT INTO "City" VALUES('0164700','足寄町','あしょろちょう','01','014030','010100');
INSERT INTO "City" VALUES('0164800','陸別町','りくべつちょう','01','014030','010100');
INSERT INTO "City" VALUES('0164900','浦幌町','うらほろちょう','01','014030','010100');
INSERT INTO "City" VALUES('0166100','釧路町','くしろちょう','01','014100','010100');
INSERT INTO "City" VALUES('0166200','厚岸町','あっけしちょう','01','014100','010100');
INSERT INTO "City" VALUES('0166300','浜中町','はまなかちょう','01','014100','010100');
INSERT INTO "City" VALUES('0166400','標茶町','しべちゃちょう','01','014100','010100');
INSERT INTO "City" VALUES('0166500','弟子屈町','てしかがちょう','01','014100','010100');
INSERT INTO "City" VALUES('0166700','鶴居村','つるいむら','01','014100','010100');
INSERT INTO "City" VALUES('0166800','白糠町','しらぬかちょう','01','014100','010100');
INSERT INTO "City" VALUES('0169100','別海町','べつかいちょう','01','014100','010100');
INSERT INTO "City" VALUES('0169200','中標津町','なかしべつちょう','01','014100','010100');
INSERT INTO "City" VALUES('0169300','標津町','しべつちょう','01','014100','010100');
INSERT INTO "City" VALUES('0169400','羅臼町','らうすちょう','01','014100','010100');
INSERT INTO "City" VALUES('0220100','青森市','あおもりし','02','020000','010200');
INSERT INTO "City" VALUES('0220200','弘前市','ひろさきし','02','020000','010200');
INSERT INTO "City" VALUES('0220300','八戸市','はちのへし','02','020000','010200');
INSERT INTO "City" VALUES('0220400','黒石市','くろいしし','02','020000','010200');
INSERT INTO "City" VALUES('0220500','五所川原市','ごしょがわらし','02','020000','010200');
INSERT INTO "City" VALUES('0220600','十和田市','とわだし','02','020000','010200');
INSERT INTO "City" VALUES('0220700','三沢市','みさわし','02','020000','010200');
INSERT INTO "City" VALUES('0220800','むつ市','むつし','02','020000','010200');
INSERT INTO "City" VALUES('0220900','つがる市','つがるし','02','020000','010200');
INSERT INTO "City" VALUES('0221000','平川市','ひらかわし','02','020000','010200');
INSERT INTO "City" VALUES('0230100','平内町','ひらないまち','02','020000','010200');
INSERT INTO "City" VALUES('0230300','今別町','いまべつまち','02','020000','010200');
INSERT INTO "City" VALUES('0230400','蓬田村','よもぎたむら','02','020000','010200');
INSERT INTO "City" VALUES('0230700','外ヶ浜町','そとがはままち','02','020000','010200');
INSERT INTO "City" VALUES('0232100','鰺ヶ沢町','あじがさわまち','02','020000','010200');
INSERT INTO "City" VALUES('0232300','深浦町','ふかうらまち','02','020000','010200');
INSERT INTO "City" VALUES('0234300','西目屋村','にしめやむら','02','020000','010200');
INSERT INTO "City" VALUES('0236100','藤崎町','ふじさきまち','02','020000','010200');
INSERT INTO "City" VALUES('0236200','大鰐町','おおわにまち','02','020000','010200');
INSERT INTO "City" VALUES('0236700','田舎館村','いなかだてむら','02','020000','010200');
INSERT INTO "City" VALUES('0238100','板柳町','いたやなぎまち','02','020000','010200');
INSERT INTO "City" VALUES('0238400','鶴田町','つるたまち','02','020000','010200');
INSERT INTO "City" VALUES('0238700','中泊町','なかどまりまち','02','020000','010200');
INSERT INTO "City" VALUES('0240100','野辺地町','のへじまち','02','020000','010200');
INSERT INTO "City" VALUES('0240200','七戸町','しちのへまち','02','020000','010200');
INSERT INTO "City" VALUES('0240500','六戸町','ろくのへまち','02','020000','010200');
INSERT INTO "City" VALUES('0240600','横浜町','よこはままち','02','020000','010200');
INSERT INTO "City" VALUES('0240800','東北町','とうほくまち','02','020000','010200');
INSERT INTO "City" VALUES('0241100','六ヶ所村','ろっかしょむら','02','020000','010200');
INSERT INTO "City" VALUES('0241200','おいらせ町','おいらせちょう','02','020000','010200');
INSERT INTO "City" VALUES('0242300','大間町','おおままち','02','020000','010200');
INSERT INTO "City" VALUES('0242400','東通村','ひがしどおりむら','02','020000','010200');
INSERT INTO "City" VALUES('0242500','風間浦村','かざまうらむら','02','020000','010200');
INSERT INTO "City" VALUES('0242600','佐井村','さいむら','02','020000','010200');
INSERT INTO "City" VALUES('0244100','三戸町','さんのへまち','02','020000','010200');
INSERT INTO "City" VALUES('0244200','五戸町','ごのへまち','02','020000','010200');
INSERT INTO "City" VALUES('0244300','田子町','たっこまち','02','020000','010200');
INSERT INTO "City" VALUES('0244500','南部町','なんぶちょう','02','020000','010200');
INSERT INTO "City" VALUES('0244600','階上町','はしかみちょう','02','020000','010200');
INSERT INTO "City" VALUES('0245000','新郷村','しんごうむら','02','020000','010200');
INSERT INTO "City" VALUES('0320100','盛岡市','もりおかし','03','030000','010200');
INSERT INTO "City" VALUES('0320200','宮古市','みやこし','03','030000','010200');
INSERT INTO "City" VALUES('0320300','大船渡市','おおふなとし','03','030000','010200');
INSERT INTO "City" VALUES('0320500','花巻市','はなまきし','03','030000','010200');
INSERT INTO "City" VALUES('0320600','北上市','きたかみし','03','030000','010200');
INSERT INTO "City" VALUES('0320700','久慈市','くじし','03','030000','010200');
INSERT INTO "City" VALUES('0320800','遠野市','とおのし','03','030000','010200');
INSERT INTO "City" VALUES('0320900','一関市','いちのせきし','03','030000','010200');
INSERT INTO "City" VALUES('0321000','陸前高田市','りくぜんたかたし','03','030000','010200');
INSERT INTO "City" VALUES('0321100','釜石市','かまいしし','03','030000','010200');
INSERT INTO "City" VALUES('0321300','二戸市','にのへし','03','030000','010200');
INSERT INTO "City" VALUES('0321400','八幡平市','はちまんたいし','03','030000','010200');
INSERT INTO "City" VALUES('0321500','奥州市','おうしゅうし','03','030000','010200');
INSERT INTO "City" VALUES('0321600','滝沢市','たきざわし','03','030000','010200');
INSERT INTO "City" VALUES('0330100','雫石町','しずくいしちょう','03','030000','010200');
INSERT INTO "City" VALUES('0330200','葛巻町','くずまきまち','03','030000','010200');
INSERT INTO "City" VALUES('0330300','岩手町','いわてまち','03','030000','010200');
INSERT INTO "City" VALUES('0332100','紫波町','しわちょう','03','030000','010200');
INSERT INTO "City" VALUES('0332200','矢巾町','やはばちょう','03','030000','010200');
INSERT INTO "City" VALUES('0336600','西和賀町','にしわがまち','03','030000','010200');
INSERT INTO "City" VALUES('0338100','金ケ崎町','かねがさきちょう','03','030000','010200');
INSERT INTO "City" VALUES('0340200','平泉町','ひらいずみちょう','03','030000','010200');
INSERT INTO "City" VALUES('0344100','住田町','すみたちょう','03','030000','010200');
INSERT INTO "City" VALUES('0346100','大槌町','おおつちちょう','03','030000','010200');
INSERT INTO "City" VALUES('0348200','山田町','やまだまち','03','030000','010200');
INSERT INTO "City" VALUES('0348300','岩泉町','いわいずみちょう','03','030000','010200');
INSERT INTO "City" VALUES('0348400','田野畑村','たのはたむら','03','030000','010200');
INSERT INTO "City" VALUES('0348500','普代村','ふだいむら','03','030000','010200');
INSERT INTO "City" VALUES('0350100','軽米町','かるまいまち','03','030000','010200');
INSERT INTO "City" VALUES('0350300','野田村','のだむら','03','030000','010200');
INSERT INTO "City" VALUES('0350600','九戸村','くのへむら','03','030000','010200');
INSERT INTO "City" VALUES('0350700','洋野町','ひろのちょう','03','030000','010200');
INSERT INTO "City" VALUES('0352400','一戸町','いちのへまち','03','030000','010200');
INSERT INTO "City" VALUES('0410001','仙台市東部','せんだいしとうぶ','04','040000','010200');
INSERT INTO "City" VALUES('0410002','仙台市西部','せんだいしせいぶ','04','040000','010200');
INSERT INTO "City" VALUES('0420200','石巻市','いしのまきし','04','040000','010200');
INSERT INTO "City" VALUES('0420300','塩竈市','しおがまし','04','040000','010200');
INSERT INTO "City" VALUES('0420500','気仙沼市','けせんぬまし','04','040000','010200');
INSERT INTO "City" VALUES('0420600','白石市','しろいしし','04','040000','010200');
INSERT INTO "City" VALUES('0420700','名取市','なとりし','04','040000','010200');
INSERT INTO "City" VALUES('0420800','角田市','かくだし','04','040000','010200');
INSERT INTO "City" VALUES('0420900','多賀城市','たがじょうし','04','040000','010200');
INSERT INTO "City" VALUES('0421100','岩沼市','いわぬまし','04','040000','010200');
INSERT INTO "City" VALUES('0421200','登米市','とめし','04','040000','010200');
INSERT INTO "City" VALUES('0421301','栗原市東部','くりはらしとうぶ','04','040000','010200');
INSERT INTO "City" VALUES('0421302','栗原市西部','くりはらしせいぶ','04','040000','010200');
INSERT INTO "City" VALUES('0421400','東松島市','ひがしまつしまし','04','040000','010200');
INSERT INTO "City" VALUES('0421501','大崎市東部','おおさきしとうぶ','04','040000','010200');
INSERT INTO "City" VALUES('0421502','大崎市西部','おおさきしせいぶ','04','040000','010200');
INSERT INTO "City" VALUES('0421600','富谷市','とみやし','04','040000','010200');
INSERT INTO "City" VALUES('0430100','蔵王町','ざおうまち','04','040000','010200');
INSERT INTO "City" VALUES('0430200','七ヶ宿町','しちかしゅくまち','04','040000','010200');
INSERT INTO "City" VALUES('0432100','大河原町','おおがわらまち','04','040000','010200');
INSERT INTO "City" VALUES('0432200','村田町','むらたまち','04','040000','010200');
INSERT INTO "City" VALUES('0432300','柴田町','しばたまち','04','040000','010200');
INSERT INTO "City" VALUES('0432400','川崎町','かわさきまち','04','040000','010200');
INSERT INTO "City" VALUES('0434100','丸森町','まるもりまち','04','040000','010200');
INSERT INTO "City" VALUES('0436100','亘理町','わたりちょう','04','040000','010200');
INSERT INTO "City" VALUES('0436200','山元町','やまもとちょう','04','040000','010200');
INSERT INTO "City" VALUES('0440100','松島町','まつしままち','04','040000','010200');
INSERT INTO "City" VALUES('0440400','七ヶ浜町','しちがはままち','04','040000','010200');
INSERT INTO "City" VALUES('0440600','利府町','りふちょう','04','040000','010200');
INSERT INTO "City" VALUES('0442101','大和町東部','たいわちょうとうぶ','04','040000','010200');
INSERT INTO "City" VALUES('0442102','大和町西部','たいわちょうせいぶ','04','040000','010200');
INSERT INTO "City" VALUES('0442200','大郷町','おおさとちょう','04','040000','010200');
INSERT INTO "City" VALUES('0442400','大衡村','おおひらむら','04','040000','010200');
INSERT INTO "City" VALUES('0444400','色麻町','しかまちょう','04','040000','010200');
INSERT INTO "City" VALUES('0444500','加美町','かみまち','04','040000','010200');
INSERT INTO "City" VALUES('0450100','涌谷町','わくやちょう','04','040000','010200');
INSERT INTO "City" VALUES('0450500','美里町','みさとまち','04','040000','010200');
INSERT INTO "City" VALUES('0458100','女川町','おながわちょう','04','040000','010200');
INSERT INTO "City" VALUES('0460600','南三陸町','みなみさんりくちょう','04','040000','010200');
INSERT INTO "City" VALUES('0520100','秋田市','あきたし','05','050000','010200');
INSERT INTO "City" VALUES('0520200','能代市','のしろし','05','050000','010200');
INSERT INTO "City" VALUES('0520300','横手市','よこてし','05','050000','010200');
INSERT INTO "City" VALUES('0520400','大館市','おおだてし','05','050000','010200');
INSERT INTO "City" VALUES('0520600','男鹿市','おがし','05','050000','010200');
INSERT INTO "City" VALUES('0520700','湯沢市','ゆざわし','05','050000','010200');
INSERT INTO "City" VALUES('0520900','鹿角市','かづのし','05','050000','010200');
INSERT INTO "City" VALUES('0521000','由利本荘市','ゆりほんじょうし','05','050000','010200');
INSERT INTO "City" VALUES('0521100','潟上市','かたがみし','05','050000','010200');
INSERT INTO "City" VALUES('0521200','大仙市','だいせんし','05','050000','010200');
INSERT INTO "City" VALUES('0521300','北秋田市','きたあきたし','05','050000','010200');
INSERT INTO "City" VALUES('0521400','にかほ市','にかほし','05','050000','010200');
INSERT INTO "City" VALUES('0521500','仙北市','せんぼくし','05','050000','010200');
INSERT INTO "City" VALUES('0530300','小坂町','こさかまち','05','050000','010200');
INSERT INTO "City" VALUES('0532700','上小阿仁村','かみこあにむら','05','050000','010200');
INSERT INTO "City" VALUES('0534600','藤里町','ふじさとまち','05','050000','010200');
INSERT INTO "City" VALUES('0534800','三種町','みたねちょう','05','050000','010200');
INSERT INTO "City" VALUES('0534900','八峰町','はっぽうちょう','05','050000','010200');
INSERT INTO "City" VALUES('0536100','五城目町','ごじょうめまち','05','050000','010200');
INSERT INTO "City" VALUES('0536300','八郎潟町','はちろうがたまち','05','050000','010200');
INSERT INTO "City" VALUES('0536600','井川町','いかわまち','05','050000','010200');
INSERT INTO "City" VALUES('0536800','大潟村','おおがたむら','05','050000','010200');
INSERT INTO "City" VALUES('0543400','美郷町','みさとちょう','05','050000','010200');
INSERT INTO "City" VALUES('0546300','羽後町','うごまち','05','050000','010200');
INSERT INTO "City" VALUES('0546400','東成瀬村','ひがしなるせむら','05','050000','010200');
INSERT INTO "City" VALUES('0620100','山形市','やまがたし','06','060000','010200');
INSERT INTO "City" VALUES('0620200','米沢市','よねざわし','06','060000','010200');
INSERT INTO "City" VALUES('0620300','鶴岡市','つるおかし','06','060000','010200');
INSERT INTO "City" VALUES('0620400','酒田市','さかたし','06','060000','010200');
INSERT INTO "City" VALUES('0620500','新庄市','しんじょうし','06','060000','010200');
INSERT INTO "City" VALUES('0620600','寒河江市','さがえし','06','060000','010200');
INSERT INTO "City" VALUES('0620700','上山市','かみのやまし','06','060000','010200');
INSERT INTO "City" VALUES('0620800','村山市','むらやまし','06','060000','010200');
INSERT INTO "City" VALUES('0620900','長井市','ながいし','06','060000','010200');
INSERT INTO "City" VALUES('0621000','天童市','てんどうし','06','060000','010200');
INSERT INTO "City" VALUES('0621100','東根市','ひがしねし','06','060000','010200');
INSERT INTO "City" VALUES('0621200','尾花沢市','おばなざわし','06','060000','010200');
INSERT INTO "City" VALUES('0621300','南陽市','なんようし','06','060000','010200');
INSERT INTO "City" VALUES('0630100','山辺町','やまのべまち','06','060000','010200');
INSERT INTO "City" VALUES('0630200','中山町','なかやままち','06','060000','010200');
INSERT INTO "City" VALUES('0632100','河北町','かほくちょう','06','060000','010200');
INSERT INTO "City" VALUES('0632200','西川町','にしかわまち','06','060000','010200');
INSERT INTO "City" VALUES('0632300','朝日町','あさひまち','06','060000','010200');
INSERT INTO "City" VALUES('0632400','大江町','おおえまち','06','060000','010200');
INSERT INTO "City" VALUES('0634100','大石田町','おおいしだまち','06','060000','010200');
INSERT INTO "City" VALUES('0636100','金山町','かねやままち','06','060000','010200');
INSERT INTO "City" VALUES('0636200','最上町','もがみまち','06','060000','010200');
INSERT INTO "City" VALUES('0636300','舟形町','ふながたまち','06','060000','010200');
INSERT INTO "City" VALUES('0636400','真室川町','まむろがわまち','06','060000','010200');
INSERT INTO "City" VALUES('0636500','大蔵村','おおくらむら','06','060000','010200');
INSERT INTO "City" VALUES('0636600','鮭川村','さけがわむら','06','060000','010200');
INSERT INTO "City" VALUES('0636700','戸沢村','とざわむら','06','060000','010200');
INSERT INTO "City" VALUES('0638100','高畠町','たかはたまち','06','060000','010200');
INSERT INTO "City" VALUES('0638200','川西町','かわにしまち','06','060000','010200');
INSERT INTO "City" VALUES('0640100','小国町','おぐにまち','06','060000','010200');
INSERT INTO "City" VALUES('0640200','白鷹町','しらたかまち','06','060000','010200');
INSERT INTO "City" VALUES('0640300','飯豊町','いいでまち','06','060000','010200');
INSERT INTO "City" VALUES('0642600','三川町','みかわまち','06','060000','010200');
INSERT INTO "City" VALUES('0642800','庄内町','しょうないまち','06','060000','010200');
INSERT INTO "City" VALUES('0646100','遊佐町','ゆざまち','06','060000','010200');
INSERT INTO "City" VALUES('0720100','福島市','ふくしまし','07','070000','010200');
INSERT INTO "City" VALUES('0720200','会津若松市','あいづわかまつし','07','070000','010200');
INSERT INTO "City" VALUES('0720301','郡山市','こおりやまし','07','070000','010200');
INSERT INTO "City" VALUES('0720302','郡山市湖南','こおりやましこなん','07','070000','010200');
INSERT INTO "City" VALUES('0720400','いわき市','いわきし','07','070000','010200');
INSERT INTO "City" VALUES('0720500','白河市','しらかわし','07','070000','010200');
INSERT INTO "City" VALUES('0720700','須賀川市','すかがわし','07','070000','010200');
INSERT INTO "City" VALUES('0720800','喜多方市','きたかたし','07','070000','010200');
INSERT INTO "City" VALUES('0720900','相馬市','そうまし','07','070000','010200');
INSERT INTO "City" VALUES('0721000','二本松市','にほんまつし','07','070000','010200');
INSERT INTO "City" VALUES('0721100','田村市','たむらし','07','070000','010200');
INSERT INTO "City" VALUES('0721200','南相馬市','みなみそうまし','07','070000','010200');
INSERT INTO "City" VALUES('0721300','伊達市','だてし','07','070000','010200');
INSERT INTO "City" VALUES('0721400','本宮市','もとみやし','07','070000','010200');
INSERT INTO "City" VALUES('0730100','桑折町','こおりまち','07','070000','010200');
INSERT INTO "City" VALUES('0730300','国見町','くにみまち','07','070000','010200');
INSERT INTO "City" VALUES('0730800','川俣町','かわまたまち','07','070000','010200');
INSERT INTO "City" VALUES('0732200','大玉村','おおたまむら','07','070000','010200');
INSERT INTO "City" VALUES('0734200','鏡石町','かがみいしまち','07','070000','010200');
INSERT INTO "City" VALUES('0734401','天栄村','てんえいむら','07','070000','010200');
INSERT INTO "City" VALUES('0734402','天栄村湯本','てんえいむらゆもと','07','070000','010200');
INSERT INTO "City" VALUES('0736200','下郷町','しもごうまち','07','070000','010200');
INSERT INTO "City" VALUES('0736400','檜枝岐村','ひのえまたむら','07','070000','010200');
INSERT INTO "City" VALUES('0736700','只見町','ただみまち','07','070000','010200');
INSERT INTO "City" VALUES('0736800','南会津町','みなみあいづまち','07','070000','010200');
INSERT INTO "City" VALUES('0740200','北塩原村','きたしおばらむら','07','070000','010200');
INSERT INTO "City" VALUES('0740500','西会津町','にしあいづまち','07','070000','010200');
INSERT INTO "City" VALUES('0740700','磐梯町','ばんだいまち','07','070000','010200');
INSERT INTO "City" VALUES('0740800','猪苗代町','いなわしろまち','07','070000','010200');
INSERT INTO "City" VALUES('0742100','会津坂下町','あいづばんげまち','07','070000','010200');
INSERT INTO "City" VALUES('0742200','湯川村','ゆがわむら','07','070000','010200');
INSERT INTO "City" VALUES('0742300','柳津町','やないづまち','07','070000','010200');
INSERT INTO "City" VALUES('0744400','三島町','みしままち','07','070000','010200');
INSERT INTO "City" VALUES('0744500','金山町','かねやままち','07','070000','010200');
INSERT INTO "City" VALUES('0744600','昭和村','しょうわむら','07','070000','010200');
INSERT INTO "City" VALUES('0744700','会津美里町','あいづみさとまち','07','070000','010200');
INSERT INTO "City" VALUES('0746100','西郷村','にしごうむら','07','070000','010200');
INSERT INTO "City" VALUES('0746400','泉崎村','いずみざきむら','07','070000','010200');
INSERT INTO "City" VALUES('0746500','中島村','なかじまむら','07','070000','010200');
INSERT INTO "City" VALUES('0746600','矢吹町','やぶきまち','07','070000','010200');
INSERT INTO "City" VALUES('0748100','棚倉町','たなぐらまち','07','070000','010200');
INSERT INTO "City" VALUES('0748200','矢祭町','やまつりまち','07','070000','010200');
INSERT INTO "City" VALUES('0748300','塙町','はなわまち','07','070000','010200');
INSERT INTO "City" VALUES('0748400','鮫川村','さめがわむら','07','070000','010200');
INSERT INTO "City" VALUES('0750100','石川町','いしかわまち','07','070000','010200');
INSERT INTO "City" VALUES('0750200','玉川村','たまかわむら','07','070000','010200');
INSERT INTO "City" VALUES('0750300','平田村','ひらたむら','07','070000','010200');
INSERT INTO "City" VALUES('0750400','浅川町','あさかわまち','07','070000','010200');
INSERT INTO "City" VALUES('0750500','古殿町','ふるどのまち','07','070000','010200');
INSERT INTO "City" VALUES('0752100','三春町','みはるまち','07','070000','010200');
INSERT INTO "City" VALUES('0752200','小野町','おのまち','07','070000','010200');
INSERT INTO "City" VALUES('0754100','広野町','ひろのまち','07','070000','010200');
INSERT INTO "City" VALUES('0754200','楢葉町','ならはまち','07','070000','010200');
INSERT INTO "City" VALUES('0754300','富岡町','とみおかまち','07','070000','010200');
INSERT INTO "City" VALUES('0754400','川内村','かわうちむら','07','070000','010200');
INSERT INTO "City" VALUES('0754500','大熊町','おおくままち','07','070000','010200');
INSERT INTO "City" VALUES('0754600','双葉町','ふたばまち','07','070000','010200');
INSERT INTO "City" VALUES('0754700','浪江町','なみえまち','07','070000','010200');
INSERT INTO "City" VALUES('0754800','葛尾村','かつらおむら','07','070000','010200');
INSERT INTO "City" VALUES('0756100','新地町','しんちまち','07','070000','010200');
INSERT INTO "City" VALUES('0756400','飯舘村','いいたてむら','07','070000','010200');
INSERT INTO "City" VALUES('0820100','水戸市','みとし','08','080000','010300');
INSERT INTO "City" VALUES('0820200','日立市','ひたちし','08','080000','010300');
INSERT INTO "City" VALUES('0820300','土浦市','つちうらし','08','080000','010300');
INSERT INTO "City" VALUES('0820400','古河市','こがし','08','080000','010300');
INSERT INTO "City" VALUES('0820500','石岡市','いしおかし','08','080000','010300');
INSERT INTO "City" VALUES('0820700','結城市','ゆうきし','08','080000','010300');
INSERT INTO "City" VALUES('0820800','龍ケ崎市','りゅうがさきし','08','080000','010300');
INSERT INTO "City" VALUES('0821000','下妻市','しもつまし','08','080000','010300');
INSERT INTO "City" VALUES('0821100','常総市','じょうそうし','08','080000','010300');
INSERT INTO "City" VALUES('0821200','常陸太田市','ひたちおおたし','08','080000','010300');
INSERT INTO "City" VALUES('0821400','高萩市','たかはぎし','08','080000','010300');
INSERT INTO "City" VALUES('0821500','北茨城市','きたいばらきし','08','080000','010300');
INSERT INTO "City" VALUES('0821600','笠間市','かさまし','08','080000','010300');
INSERT INTO "City" VALUES('0821700','取手市','とりでし','08','080000','010300');
INSERT INTO "City" VALUES('0821900','牛久市','うしくし','08','080000','010300');
INSERT INTO "City" VALUES('0822000','つくば市','つくばし','08','080000','010300');
INSERT INTO "City" VALUES('0822100','ひたちなか市','ひたちなかし','08','080000','010300');
INSERT INTO "City" VALUES('0822200','鹿嶋市','かしまし','08','080000','010300');
INSERT INTO "City" VALUES('0822300','潮来市','いたこし','08','080000','010300');
INSERT INTO "City" VALUES('0822400','守谷市','もりやし','08','080000','010300');
INSERT INTO "City" VALUES('0822500','常陸大宮市','ひたちおおみやし','08','080000','010300');
INSERT INTO "City" VALUES('0822600','那珂市','なかし','08','080000','010300');
INSERT INTO "City" VALUES('0822700','筑西市','ちくせいし','08','080000','010300');
INSERT INTO "City" VALUES('0822800','坂東市','ばんどうし','08','080000','010300');
INSERT INTO "City" VALUES('0822900','稲敷市','いなしきし','08','080000','010300');
INSERT INTO "City" VALUES('0823000','かすみがうら市','かすみがうらし','08','080000','010300');
INSERT INTO "City" VALUES('0823100','桜川市','さくらがわし','08','080000','010300');
INSERT INTO "City" VALUES('0823200','神栖市','かみすし','08','080000','010300');
INSERT INTO "City" VALUES('0823300','行方市','なめがたし','08','080000','010300');
INSERT INTO "City" VALUES('0823400','鉾田市','ほこたし','08','080000','010300');
INSERT INTO "City" VALUES('0823500','つくばみらい市','つくばみらいし','08','080000','010300');
INSERT INTO "City" VALUES('0823600','小美玉市','おみたまし','08','080000','010300');
INSERT INTO "City" VALUES('0830200','茨城町','いばらきまち','08','080000','010300');
INSERT INTO "City" VALUES('0830900','大洗町','おおあらいまち','08','080000','010300');
INSERT INTO "City" VALUES('0831000','城里町','しろさとまち','08','080000','010300');
INSERT INTO "City" VALUES('0834100','東海村','とうかいむら','08','080000','010300');
INSERT INTO "City" VALUES('0836400','大子町','だいごまち','08','080000','010300');
INSERT INTO "City" VALUES('0844200','美浦村','みほむら','08','080000','010300');
INSERT INTO "City" VALUES('0844300','阿見町','あみまち','08','080000','010300');
INSERT INTO "City" VALUES('0844700','河内町','かわちまち','08','080000','010300');
INSERT INTO "City" VALUES('0852100','八千代町','やちよまち','08','080000','010300');
INSERT INTO "City" VALUES('0854200','五霞町','ごかまち','08','080000','010300');
INSERT INTO "City" VALUES('0854600','境町','さかいまち','08','080000','010300');
INSERT INTO "City" VALUES('0856400','利根町','とねまち','08','080000','010300');
INSERT INTO "City" VALUES('0920100','宇都宮市','うつのみやし','09','090000','010300');
INSERT INTO "City" VALUES('0920200','足利市','あしかがし','09','090000','010300');
INSERT INTO "City" VALUES('0920300','栃木市','とちぎし','09','090000','010300');
INSERT INTO "City" VALUES('0920400','佐野市','さのし','09','090000','010300');
INSERT INTO "City" VALUES('0920500','鹿沼市','かぬまし','09','090000','010300');
INSERT INTO "City" VALUES('0920601','日光市今市','にっこうしいまいち','09','090000','010300');
INSERT INTO "City" VALUES('0920602','日光市日光','にっこうしにっこう','09','090000','010300');
INSERT INTO "City" VALUES('0920603','日光市藤原','にっこうしふじわら','09','090000','010300');
INSERT INTO "City" VALUES('0920604','日光市足尾','にっこうしあしお','09','090000','010300');
INSERT INTO "City" VALUES('0920605','日光市栗山','にっこうしくりやま','09','090000','010300');
INSERT INTO "City" VALUES('0920800','小山市','おやまし','09','090000','010300');
INSERT INTO "City" VALUES('0920900','真岡市','もおかし','09','090000','010300');
INSERT INTO "City" VALUES('0921000','大田原市','おおたわらし','09','090000','010300');
INSERT INTO "City" VALUES('0921100','矢板市','やいたし','09','090000','010300');
INSERT INTO "City" VALUES('0921300','那須塩原市','なすしおばらし','09','090000','010300');
INSERT INTO "City" VALUES('0921400','さくら市','さくらし','09','090000','010300');
INSERT INTO "City" VALUES('0921500','那須烏山市','なすからすやまし','09','090000','010300');
INSERT INTO "City" VALUES('0921600','下野市','しもつけし','09','090000','010300');
INSERT INTO "City" VALUES('0930100','上三川町','かみのかわまち','09','090000','010300');
INSERT INTO "City" VALUES('0934200','益子町','ましこまち','09','090000','010300');
INSERT INTO "City" VALUES('0934300','茂木町','もてぎまち','09','090000','010300');
INSERT INTO "City" VALUES('0934400','市貝町','いちかいまち','09','090000','010300');
INSERT INTO "City" VALUES('0934500','芳賀町','はがまち','09','090000','010300');
INSERT INTO "City" VALUES('0936100','壬生町','みぶまち','09','090000','010300');
INSERT INTO "City" VALUES('0936400','野木町','のぎまち','09','090000','010300');
INSERT INTO "City" VALUES('0938400','塩谷町','しおやまち','09','090000','010300');
INSERT INTO "City" VALUES('0938600','高根沢町','たかねざわまち','09','090000','010300');
INSERT INTO "City" VALUES('0940700','那須町','なすまち','09','090000','010300');
INSERT INTO "City" VALUES('0941100','那珂川町','なかがわまち','09','090000','010300');
INSERT INTO "City" VALUES('1020100','前橋市','まえばしし','10','100000','010300');
INSERT INTO "City" VALUES('1020200','高崎市','たかさきし','10','100000','010300');
INSERT INTO "City" VALUES('1020300','桐生市','きりゅうし','10','100000','010300');
INSERT INTO "City" VALUES('1020400','伊勢崎市','いせさきし','10','100000','010300');
INSERT INTO "City" VALUES('1020500','太田市','おおたし','10','100000','010300');
INSERT INTO "City" VALUES('1020600','沼田市','ぬまたし','10','100000','010300');
INSERT INTO "City" VALUES('1020700','館林市','たてばやしし','10','100000','010300');
INSERT INTO "City" VALUES('1020800','渋川市','しぶかわし','10','100000','010300');
INSERT INTO "City" VALUES('1020900','藤岡市','ふじおかし','10','100000','010300');
INSERT INTO "City" VALUES('1021000','富岡市','とみおかし','10','100000','010300');
INSERT INTO "City" VALUES('1021100','安中市','あんなかし','10','100000','010300');
INSERT INTO "City" VALUES('1021200','みどり市','みどりし','10','100000','010300');
INSERT INTO "City" VALUES('1034400','榛東村','しんとうむら','10','100000','010300');
INSERT INTO "City" VALUES('1034500','吉岡町','よしおかまち','10','100000','010300');
INSERT INTO "City" VALUES('1036600','上野村','うえのむら','10','100000','010300');
INSERT INTO "City" VALUES('1036700','神流町','かんなまち','10','100000','010300');
INSERT INTO "City" VALUES('1038200','下仁田町','しもにたまち','10','100000','010300');
INSERT INTO "City" VALUES('1038300','南牧村','なんもくむら','10','100000','010300');
INSERT INTO "City" VALUES('1038400','甘楽町','かんらまち','10','100000','010300');
INSERT INTO "City" VALUES('1042100','中之条町','なかのじょうまち','10','100000','010300');
INSERT INTO "City" VALUES('1042400','長野原町','ながのはらまち','10','100000','010300');
INSERT INTO "City" VALUES('1042500','嬬恋村','つまごいむら','10','100000','010300');
INSERT INTO "City" VALUES('1042600','草津町','くさつまち','10','100000','010300');
INSERT INTO "City" VALUES('1042800','高山村','たかやまむら','10','100000','010300');
INSERT INTO "City" VALUES('1042900','東吾妻町','ひがしあがつままち','10','100000','010300');
INSERT INTO "City" VALUES('1044300','片品村','かたしなむら','10','100000','010300');
INSERT INTO "City" VALUES('1044400','川場村','かわばむら','10','100000','010300');
INSERT INTO "City" VALUES('1044800','昭和村','しょうわむら','10','100000','010300');
INSERT INTO "City" VALUES('1044900','みなかみ町','みなかみまち','10','100000','010300');
INSERT INTO "City" VALUES('1046400','玉村町','たまむらまち','10','100000','010300');
INSERT INTO "City" VALUES('1052100','板倉町','いたくらまち','10','100000','010300');
INSERT INTO "City" VALUES('1052200','明和町','めいわまち','10','100000','010300');
INSERT INTO "City" VALUES('1052300','千代田町','ちよだまち','10','100000','010300');
INSERT INTO "City" VALUES('1052400','大泉町','おおいずみまち','10','100000','010300');
INSERT INTO "City" VALUES('1052500','邑楽町','おうらまち','10','100000','010300');
INSERT INTO "City" VALUES('1110000','さいたま市','さいたまし','11','110000','010300');
INSERT INTO "City" VALUES('1120100','川越市','かわごえし','11','110000','010300');
INSERT INTO "City" VALUES('1120200','熊谷市','くまがやし','11','110000','010300');
INSERT INTO "City" VALUES('1120300','川口市','かわぐちし','11','110000','010300');
INSERT INTO "City" VALUES('1120600','行田市','ぎょうだし','11','110000','010300');
INSERT INTO "City" VALUES('1120700','秩父市','ちちぶし','11','110000','010300');
INSERT INTO "City" VALUES('1120800','所沢市','ところざわし','11','110000','010300');
INSERT INTO "City" VALUES('1120900','飯能市','はんのうし','11','110000','010300');
INSERT INTO "City" VALUES('1121000','加須市','かぞし','11','110000','010300');
INSERT INTO "City" VALUES('1121100','本庄市','ほんじょうし','11','110000','010300');
INSERT INTO "City" VALUES('1121200','東松山市','ひがしまつやまし','11','110000','010300');
INSERT INTO "City" VALUES('1121400','春日部市','かすかべし','11','110000','010300');
INSERT INTO "City" VALUES('1121500','狭山市','さやまし','11','110000','010300');
INSERT INTO "City" VALUES('1121600','羽生市','はにゅうし','11','110000','010300');
INSERT INTO "City" VALUES('1121700','鴻巣市','こうのすし','11','110000','010300');
INSERT INTO "City" VALUES('1121800','深谷市','ふかやし','11','110000','010300');
INSERT INTO "City" VALUES('1121900','上尾市','あげおし','11','110000','010300');
INSERT INTO "City" VALUES('1122100','草加市','そうかし','11','110000','010300');
INSERT INTO "City" VALUES('1122200','越谷市','こしがやし','11','110000','010300');
INSERT INTO "City" VALUES('1122300','蕨市','わらびし','11','110000','010300');
INSERT INTO "City" VALUES('1122400','戸田市','とだし','11','110000','010300');
INSERT INTO "City" VALUES('1122500','入間市','いるまし','11','110000','010300');
INSERT INTO "City" VALUES('1122700','朝霞市','あさかし','11','110000','010300');
INSERT INTO "City" VALUES('1122800','志木市','しきし','11','110000','010300');
INSERT INTO "City" VALUES('1122900','和光市','わこうし','11','110000','010300');
INSERT INTO "City" VALUES('1123000','新座市','にいざし','11','110000','010300');
INSERT INTO "City" VALUES('1123100','桶川市','おけがわし','11','110000','010300');
INSERT INTO "City" VALUES('1123200','久喜市','くきし','11','110000','010300');
INSERT INTO "City" VALUES('1123300','北本市','きたもとし','11','110000','010300');
INSERT INTO "City" VALUES('1123400','八潮市','やしおし','11','110000','010300');
INSERT INTO "City" VALUES('1123500','富士見市','ふじみし','11','110000','010300');
INSERT INTO "City" VALUES('1123700','三郷市','みさとし','11','110000','010300');
INSERT INTO "City" VALUES('1123800','蓮田市','はすだし','11','110000','010300');
INSERT INTO "City" VALUES('1123900','坂戸市','さかどし','11','110000','010300');
INSERT INTO "City" VALUES('1124000','幸手市','さってし','11','110000','010300');
INSERT INTO "City" VALUES('1124100','鶴ヶ島市','つるがしまし','11','110000','010300');
INSERT INTO "City" VALUES('1124200','日高市','ひだかし','11','110000','010300');
INSERT INTO "City" VALUES('1124300','吉川市','よしかわし','11','110000','010300');
INSERT INTO "City" VALUES('1124500','ふじみ野市','ふじみのし','11','110000','010300');
INSERT INTO "City" VALUES('1124600','白岡市','しらおかし','11','110000','010300');
INSERT INTO "City" VALUES('1130100','伊奈町','いなまち','11','110000','010300');
INSERT INTO "City" VALUES('1132400','三芳町','みよしまち','11','110000','010300');
INSERT INTO "City" VALUES('1132600','毛呂山町','もろやままち','11','110000','010300');
INSERT INTO "City" VALUES('1132700','越生町','おごせまち','11','110000','010300');
INSERT INTO "City" VALUES('1134100','滑川町','なめがわまち','11','110000','010300');
INSERT INTO "City" VALUES('1134200','嵐山町','らんざんまち','11','110000','010300');
INSERT INTO "City" VALUES('1134300','小川町','おがわまち','11','110000','010300');
INSERT INTO "City" VALUES('1134600','川島町','かわじままち','11','110000','010300');
INSERT INTO "City" VALUES('1134700','吉見町','よしみまち','11','110000','010300');
INSERT INTO "City" VALUES('1134800','鳩山町','はとやままち','11','110000','010300');
INSERT INTO "City" VALUES('1134900','ときがわ町','ときがわまち','11','110000','010300');
INSERT INTO "City" VALUES('1136100','横瀬町','よこぜまち','11','110000','010300');
INSERT INTO "City" VALUES('1136200','皆野町','みなのまち','11','110000','010300');
INSERT INTO "City" VALUES('1136300','長瀞町','ながとろまち','11','110000','010300');
INSERT INTO "City" VALUES('1136500','小鹿野町','おがのまち','11','110000','010300');
INSERT INTO "City" VALUES('1136900','東秩父村','ひがしちちぶむら','11','110000','010300');
INSERT INTO "City" VALUES('1138100','美里町','みさとまち','11','110000','010300');
INSERT INTO "City" VALUES('1138300','神川町','かみかわまち','11','110000','010300');
INSERT INTO "City" VALUES('1138500','上里町','かみさとまち','11','110000','010300');
INSERT INTO "City" VALUES('1140800','寄居町','よりいまち','11','110000','010300');
INSERT INTO "City" VALUES('1144200','宮代町','みやしろまち','11','110000','010300');
INSERT INTO "City" VALUES('1146400','杉戸町','すぎとまち','11','110000','010300');
INSERT INTO "City" VALUES('1146500','松伏町','まつぶしまち','11','110000','010300');
INSERT INTO "City" VALUES('1210000','千葉市','ちばし','12','120000','010300');
INSERT INTO "City" VALUES('1220200','銚子市','ちょうしし','12','120000','010300');
INSERT INTO "City" VALUES('1220300','市川市','いちかわし','12','120000','010300');
INSERT INTO "City" VALUES('1220400','船橋市','ふなばしし','12','120000','010300');
INSERT INTO "City" VALUES('1220500','館山市','たてやまし','12','120000','010300');
INSERT INTO "City" VALUES('1220600','木更津市','きさらづし','12','120000','010300');
INSERT INTO "City" VALUES('1220700','松戸市','まつどし','12','120000','010300');
INSERT INTO "City" VALUES('1220800','野田市','のだし','12','120000','010300');
INSERT INTO "City" VALUES('1221000','茂原市','もばらし','12','120000','010300');
INSERT INTO "City" VALUES('1221100','成田市','なりたし','12','120000','010300');
INSERT INTO "City" VALUES('1221200','佐倉市','さくらし','12','120000','010300');
INSERT INTO "City" VALUES('1221300','東金市','とうがねし','12','120000','010300');
INSERT INTO "City" VALUES('1221500','旭市','あさひし','12','120000','010300');
INSERT INTO "City" VALUES('1221600','習志野市','ならしのし','12','120000','010300');
INSERT INTO "City" VALUES('1221700','柏市','かしわし','12','120000','010300');
INSERT INTO "City" VALUES('1221800','勝浦市','かつうらし','12','120000','010300');
INSERT INTO "City" VALUES('1221900','市原市','いちはらし','12','120000','010300');
INSERT INTO "City" VALUES('1222000','流山市','ながれやまし','12','120000','010300');
INSERT INTO "City" VALUES('1222100','八千代市','やちよし','12','120000','010300');
INSERT INTO "City" VALUES('1222200','我孫子市','あびこし','12','120000','010300');
INSERT INTO "City" VALUES('1222300','鴨川市','かもがわし','12','120000','010300');
INSERT INTO "City" VALUES('1222400','鎌ケ谷市','かまがやし','12','120000','010300');
INSERT INTO "City" VALUES('1222500','君津市','きみつし','12','120000','010300');
INSERT INTO "City" VALUES('1222600','富津市','ふっつし','12','120000','010300');
INSERT INTO "City" VALUES('1222700','浦安市','うらやすし','12','120000','010300');
INSERT INTO "City" VALUES('1222800','四街道市','よつかいどうし','12','120000','010300');
INSERT INTO "City" VALUES('1222900','袖ケ浦市','そでがうらし','12','120000','010300');
INSERT INTO "City" VALUES('1223000','八街市','やちまたし','12','120000','010300');
INSERT INTO "City" VALUES('1223100','印西市','いんざいし','12','120000','010300');
INSERT INTO "City" VALUES('1223200','白井市','しろいし','12','120000','010300');
INSERT INTO "City" VALUES('1223300','富里市','とみさとし','12','120000','010300');
INSERT INTO "City" VALUES('1223400','南房総市','みなみぼうそうし','12','120000','010300');
INSERT INTO "City" VALUES('1223500','匝瑳市','そうさし','12','120000','010300');
INSERT INTO "City" VALUES('1223600','香取市','かとりし','12','120000','010300');
INSERT INTO "City" VALUES('1223700','山武市','さんむし','12','120000','010300');
INSERT INTO "City" VALUES('1223800','いすみ市','いすみし','12','120000','010300');
INSERT INTO "City" VALUES('1223900','大網白里市','おおあみしらさとし','12','120000','010300');
INSERT INTO "City" VALUES('1232200','酒々井町','しすいまち','12','120000','010300');
INSERT INTO "City" VALUES('1232900','栄町','さかえまち','12','120000','010300');
INSERT INTO "City" VALUES('1234200','神崎町','こうざきまち','12','120000','010300');
INSERT INTO "City" VALUES('1234700','多古町','たこまち','12','120000','010300');
INSERT INTO "City" VALUES('1234900','東庄町','とうのしょうまち','12','120000','010300');
INSERT INTO "City" VALUES('1240300','九十九里町','くじゅうくりまち','12','120000','010300');
INSERT INTO "City" VALUES('1240900','芝山町','しばやままち','12','120000','010300');
INSERT INTO "City" VALUES('1241000','横芝光町','よこしばひかりまち','12','120000','010300');
INSERT INTO "City" VALUES('1242100','一宮町','いちのみやまち','12','120000','010300');
INSERT INTO "City" VALUES('1242200','睦沢町','むつざわまち','12','120000','010300');
INSERT INTO "City" VALUES('1242300','長生村','ちょうせいむら','12','120000','010300');
INSERT INTO "City" VALUES('1242400','白子町','しらこまち','12','120000','010300');
INSERT INTO "City" VALUES('1242600','長柄町','ながらまち','12','120000','010300');
INSERT INTO "City" VALUES('1242700','長南町','ちょうなんまち','12','120000','010300');
INSERT INTO "City" VALUES('1244100','大多喜町','おおたきまち','12','120000','010300');
INSERT INTO "City" VALUES('1244300','御宿町','おんじゅくまち','12','120000','010300');
INSERT INTO "City" VALUES('1246300','鋸南町','きょなんまち','12','120000','010300');
INSERT INTO "City" VALUES('1310100','千代田区','ちよだく','13','130000','010300');
INSERT INTO "City" VALUES('1310200','中央区','ちゅうおうく','13','130000','010300');
INSERT INTO "City" VALUES('1310300','港区','みなとく','13','130000','010300');
INSERT INTO "City" VALUES('1310400','新宿区','しんじゅくく','13','130000','010300');
INSERT INTO "City" VALUES('1310500','文京区','ぶんきょうく','13','130000','010300');
INSERT INTO "City" VALUES('1310600','台東区','たいとうく','13','130000','010300');
INSERT INTO "City" VALUES('1310700','墨田区','すみだく','13','130000','010300');
INSERT INTO "City" VALUES('1310800','江東区','こうとうく','13','130000','010300');
INSERT INTO "City" VALUES('1310900','品川区','しながわく','13','130000','010300');
INSERT INTO "City" VALUES('1311000','目黒区','めぐろく','13','130000','010300');
INSERT INTO "City" VALUES('1311100','大田区','おおたく','13','130000','010300');
INSERT INTO "City" VALUES('1311200','世田谷区','せたがやく','13','130000','010300');
INSERT INTO "City" VALUES('1311300','渋谷区','しぶやく','13','130000','010300');
INSERT INTO "City" VALUES('1311400','中野区','なかのく','13','130000','010300');
INSERT INTO "City" VALUES('1311500','杉並区','すぎなみく','13','130000','010300');
INSERT INTO "City" VALUES('1311600','豊島区','としまく','13','130000','010300');
INSERT INTO "City" VALUES('1311700','北区','きたく','13','130000','010300');
INSERT INTO "City" VALUES('1311800','荒川区','あらかわく','13','130000','010300');
INSERT INTO "City" VALUES('1311900','板橋区','いたばしく','13','130000','010300');
INSERT INTO "City" VALUES('1312000','練馬区','ねりまく','13','130000','010300');
INSERT INTO "City" VALUES('1312100','足立区','あだちく','13','130000','010300');
INSERT INTO "City" VALUES('1312200','葛飾区','かつしかく','13','130000','010300');
INSERT INTO "City" VALUES('1312300','江戸川区','えどがわく','13','130000','010300');
INSERT INTO "City" VALUES('1320100','八王子市','はちおうじし','13','130000','010300');
INSERT INTO "City" VALUES('1320200','立川市','たちかわし','13','130000','010300');
INSERT INTO "City" VALUES('1320300','武蔵野市','むさしのし','13','130000','010300');
INSERT INTO "City" VALUES('1320400','三鷹市','みたかし','13','130000','010300');
INSERT INTO "City" VALUES('1320500','青梅市','おうめし','13','130000','010300');
INSERT INTO "City" VALUES('1320600','府中市','ふちゅうし','13','130000','010300');
INSERT INTO "City" VALUES('1320700','昭島市','あきしまし','13','130000','010300');
INSERT INTO "City" VALUES('1320800','調布市','ちょうふし','13','130000','010300');
INSERT INTO "City" VALUES('1320900','町田市','まちだし','13','130000','010300');
INSERT INTO "City" VALUES('1321000','小金井市','こがねいし','13','130000','010300');
INSERT INTO "City" VALUES('1321100','小平市','こだいらし','13','130000','010300');
INSERT INTO "City" VALUES('1321200','日野市','ひのし','13','130000','010300');
INSERT INTO "City" VALUES('1321300','東村山市','ひがしむらやまし','13','130000','010300');
INSERT INTO "City" VALUES('1321400','国分寺市','こくぶんじし','13','130000','010300');
INSERT INTO "City" VALUES('1321500','国立市','くにたちし','13','130000','010300');
INSERT INTO "City" VALUES('1321800','福生市','ふっさし','13','130000','010300');
INSERT INTO "City" VALUES('1321900','狛江市','こまえし','13','130000','010300');
INSERT INTO "City" VALUES('1322000','東大和市','ひがしやまとし','13','130000','010300');
INSERT INTO "City" VALUES('1322100','清瀬市','きよせし','13','130000','010300');
INSERT INTO "City" VALUES('1322200','東久留米市','ひがしくるめし','13','130000','010300');
INSERT INTO "City" VALUES('1322300','武蔵村山市','むさしむらやまし','13','130000','010300');
INSERT INTO "City" VALUES('1322400','多摩市','たまし','13','130000','010300');
INSERT INTO "City" VALUES('1322500','稲城市','いなぎし','13','130000','010300');
INSERT INTO "City" VALUES('1322700','羽村市','はむらし','13','130000','010300');
INSERT INTO "City" VALUES('1322800','あきる野市','あきるのし','13','130000','010300');
INSERT INTO "City" VALUES('1322900','西東京市','にしとうきょうし','13','130000','010300');
INSERT INTO "City" VALUES('1330300','瑞穂町','みずほまち','13','130000','010300');
INSERT INTO "City" VALUES('1330500','日の出町','ひのでまち','13','130000','010300');
INSERT INTO "City" VALUES('1330700','檜原村','ひのはらむら','13','130000','010300');
INSERT INTO "City" VALUES('1330800','奥多摩町','おくたままち','13','130000','010300');
INSERT INTO "City" VALUES('1336100','大島町','おおしままち','13','130000','010300');
INSERT INTO "City" VALUES('1336200','利島村','としまむら','13','130000','010300');
INSERT INTO "City" VALUES('1336300','新島村','にいじまむら','13','130000','010300');
INSERT INTO "City" VALUES('1336400','神津島村','こうづしまむら','13','130000','010300');
INSERT INTO "City" VALUES('1338100','三宅村','みやけむら','13','130000','010300');
INSERT INTO "City" VALUES('1338200','御蔵島村','みくらじまむら','13','130000','010300');
INSERT INTO "City" VALUES('1340100','八丈町','はちじょうまち','13','130000','010300');
INSERT INTO "City" VALUES('1340200','青ヶ島村','あおがしまむら','13','130000','010300');
INSERT INTO "City" VALUES('1342100','小笠原村','おがさわらむら','13','130000','010300');
INSERT INTO "City" VALUES('1410000','横浜市','よこはまし','14','140000','010300');
INSERT INTO "City" VALUES('1413000','川崎市','かわさきし','14','140000','010300');
INSERT INTO "City" VALUES('1415000','相模原市','さがみはらし','14','140000','010300');
INSERT INTO "City" VALUES('1420100','横須賀市','よこすかし','14','140000','010300');
INSERT INTO "City" VALUES('1420300','平塚市','ひらつかし','14','140000','010300');
INSERT INTO "City" VALUES('1420400','鎌倉市','かまくらし','14','140000','010300');
INSERT INTO "City" VALUES('1420500','藤沢市','ふじさわし','14','140000','010300');
INSERT INTO "City" VALUES('1420600','小田原市','おだわらし','14','140000','010300');
INSERT INTO "City" VALUES('1420700','茅ヶ崎市','ちがさきし','14','140000','010300');
INSERT INTO "City" VALUES('1420800','逗子市','ずしし','14','140000','010300');
INSERT INTO "City" VALUES('1421000','三浦市','みうらし','14','140000','010300');
INSERT INTO "City" VALUES('1421100','秦野市','はだのし','14','140000','010300');
INSERT INTO "City" VALUES('1421200','厚木市','あつぎし','14','140000','010300');
INSERT INTO "City" VALUES('1421300','大和市','やまとし','14','140000','010300');
INSERT INTO "City" VALUES('1421400','伊勢原市','いせはらし','14','140000','010300');
INSERT INTO "City" VALUES('1421500','海老名市','えびなし','14','140000','010300');
INSERT INTO "City" VALUES('1421600','座間市','ざまし','14','140000','010300');
INSERT INTO "City" VALUES('1421700','南足柄市','みなみあしがらし','14','140000','010300');
INSERT INTO "City" VALUES('1421800','綾瀬市','あやせし','14','140000','010300');
INSERT INTO "City" VALUES('1430100','葉山町','はやままち','14','140000','010300');
INSERT INTO "City" VALUES('1432100','寒川町','さむかわまち','14','140000','010300');
INSERT INTO "City" VALUES('1434100','大磯町','おおいそまち','14','140000','010300');
INSERT INTO "City" VALUES('1434200','二宮町','にのみやまち','14','140000','010300');
INSERT INTO "City" VALUES('1436100','中井町','なかいまち','14','140000','010300');
INSERT INTO "City" VALUES('1436200','大井町','おおいまち','14','140000','010300');
INSERT INTO "City" VALUES('1436300','松田町','まつだまち','14','140000','010300');
INSERT INTO "City" VALUES('1436400','山北町','やまきたまち','14','140000','010300');
INSERT INTO "City" VALUES('1436600','開成町','かいせいまち','14','140000','010300');
INSERT INTO "City" VALUES('1438200','箱根町','はこねまち','14','140000','010300');
INSERT INTO "City" VALUES('1438300','真鶴町','まなつるまち','14','140000','010300');
INSERT INTO "City" VALUES('1438400','湯河原町','ゆがわらまち','14','140000','010300');
INSERT INTO "City" VALUES('1440100','愛川町','あいかわまち','14','140000','010300');
INSERT INTO "City" VALUES('1440200','清川村','きよかわむら','14','140000','010300');
INSERT INTO "City" VALUES('1510000','新潟市','にいがたし','15','150000','010500');
INSERT INTO "City" VALUES('1520200','長岡市','ながおかし','15','150000','010500');
INSERT INTO "City" VALUES('1520400','三条市','さんじょうし','15','150000','010500');
INSERT INTO "City" VALUES('1520500','柏崎市','かしわざきし','15','150000','010500');
INSERT INTO "City" VALUES('1520600','新発田市','しばたし','15','150000','010500');
INSERT INTO "City" VALUES('1520800','小千谷市','おぢやし','15','150000','010500');
INSERT INTO "City" VALUES('1520900','加茂市','かもし','15','150000','010500');
INSERT INTO "City" VALUES('1521000','十日町市','とおかまちし','15','150000','010500');
INSERT INTO "City" VALUES('1521100','見附市','みつけし','15','150000','010500');
INSERT INTO "City" VALUES('1521200','村上市','むらかみし','15','150000','010500');
INSERT INTO "City" VALUES('1521300','燕市','つばめし','15','150000','010500');
INSERT INTO "City" VALUES('1521600','糸魚川市','いといがわし','15','150000','010500');
INSERT INTO "City" VALUES('1521700','妙高市','みょうこうし','15','150000','010500');
INSERT INTO "City" VALUES('1521800','五泉市','ごせんし','15','150000','010500');
INSERT INTO "City" VALUES('1522200','上越市','じょうえつし','15','150000','010500');
INSERT INTO "City" VALUES('1522300','阿賀野市','あがのし','15','150000','010500');
INSERT INTO "City" VALUES('1522400','佐渡市','さどし','15','150000','010500');
INSERT INTO "City" VALUES('1522500','魚沼市','うおぬまし','15','150000','010500');
INSERT INTO "City" VALUES('1522600','南魚沼市','みなみうおぬまし','15','150000','010500');
INSERT INTO "City" VALUES('1522700','胎内市','たいないし','15','150000','010500');
INSERT INTO "City" VALUES('1530700','聖籠町','せいろうまち','15','150000','010500');
INSERT INTO "City" VALUES('1534200','弥彦村','やひこむら','15','150000','010500');
INSERT INTO "City" VALUES('1536100','田上町','たがみまち','15','150000','010500');
INSERT INTO "City" VALUES('1538500','阿賀町','あがまち','15','150000','010500');
INSERT INTO "City" VALUES('1540500','出雲崎町','いずもざきまち','15','150000','010500');
INSERT INTO "City" VALUES('1546100','湯沢町','ゆざわまち','15','150000','010500');
INSERT INTO "City" VALUES('1548200','津南町','つなんまち','15','150000','010500');
INSERT INTO "City" VALUES('1550400','刈羽村','かりわむら','15','150000','010500');
INSERT INTO "City" VALUES('1558100','関川村','せきかわむら','15','150000','010500');
INSERT INTO "City" VALUES('1558600','粟島浦村','あわしまうらむら','15','150000','010500');
INSERT INTO "City" VALUES('1620100','富山市','とやまし','16','160000','010500');
INSERT INTO "City" VALUES('1620200','高岡市','たかおかし','16','160000','010500');
INSERT INTO "City" VALUES('1620400','魚津市','うおづし','16','160000','010500');
INSERT INTO "City" VALUES('1620500','氷見市','ひみし','16','160000','010500');
INSERT INTO "City" VALUES('1620600','滑川市','なめりかわし','16','160000','010500');
INSERT INTO "City" VALUES('1620700','黒部市','くろべし','16','160000','010500');
INSERT INTO "City" VALUES('1620800','砺波市','となみし','16','160000','010500');
INSERT INTO "City" VALUES('1620900','小矢部市','おやべし','16','160000','010500');
INSERT INTO "City" VALUES('1621000','南砺市','なんとし','16','160000','010500');
INSERT INTO "City" VALUES('1621100','射水市','いみずし','16','160000','010500');
INSERT INTO "City" VALUES('1632100','舟橋村','ふなはしむら','16','160000','010500');
INSERT INTO "City" VALUES('1632200','上市町','かみいちまち','16','160000','010500');
INSERT INTO "City" VALUES('1632300','立山町','たてやままち','16','160000','010500');
INSERT INTO "City" VALUES('1634200','入善町','にゅうぜんまち','16','160000','010500');
INSERT INTO "City" VALUES('1634300','朝日町','あさひまち','16','160000','010500');
INSERT INTO "City" VALUES('1720100','金沢市','かなざわし','17','170000','010500');
INSERT INTO "City" VALUES('1720200','七尾市','ななおし','17','170000','010500');
INSERT INTO "City" VALUES('1720300','小松市','こまつし','17','170000','010500');
INSERT INTO "City" VALUES('1720400','輪島市','わじまし','17','170000','010500');
INSERT INTO "City" VALUES('1720500','珠洲市','すずし','17','170000','010500');
INSERT INTO "City" VALUES('1720600','加賀市','かがし','17','170000','010500');
INSERT INTO "City" VALUES('1720700','羽咋市','はくいし','17','170000','010500');
INSERT INTO "City" VALUES('1720900','かほく市','かほくし','17','170000','010500');
INSERT INTO "City" VALUES('1721000','白山市','はくさんし','17','170000','010500');
INSERT INTO "City" VALUES('1721100','能美市','のみし','17','170000','010500');
INSERT INTO "City" VALUES('1721200','野々市市','ののいちし','17','170000','010500');
INSERT INTO "City" VALUES('1732400','川北町','かわきたまち','17','170000','010500');
INSERT INTO "City" VALUES('1736100','津幡町','つばたまち','17','170000','010500');
INSERT INTO "City" VALUES('1736500','内灘町','うちなだまち','17','170000','010500');
INSERT INTO "City" VALUES('1738400','志賀町','しかまち','17','170000','010500');
INSERT INTO "City" VALUES('1738600','宝達志水町','ほうだつしみずちょう','17','170000','010500');
INSERT INTO "City" VALUES('1740700','中能登町','なかのとまち','17','170000','010500');
INSERT INTO "City" VALUES('1746100','穴水町','あなみずまち','17','170000','010500');
INSERT INTO "City" VALUES('1746300','能登町','のとちょう','17','170000','010500');
INSERT INTO "City" VALUES('1820100','福井市','ふくいし','18','180000','010500');
INSERT INTO "City" VALUES('1820200','敦賀市','つるがし','18','180000','010500');
INSERT INTO "City" VALUES('1820400','小浜市','おばまし','18','180000','010500');
INSERT INTO "City" VALUES('1820500','大野市','おおのし','18','180000','010500');
INSERT INTO "City" VALUES('1820600','勝山市','かつやまし','18','180000','010500');
INSERT INTO "City" VALUES('1820700','鯖江市','さばえし','18','180000','010500');
INSERT INTO "City" VALUES('1820800','あわら市','あわらし','18','180000','010500');
INSERT INTO "City" VALUES('1820900','越前市','えちぜんし','18','180000','010500');
INSERT INTO "City" VALUES('1821000','坂井市','さかいし','18','180000','010500');
INSERT INTO "City" VALUES('1832200','永平寺町','えいへいじちょう','18','180000','010500');
INSERT INTO "City" VALUES('1838200','池田町','いけだちょう','18','180000','010500');
INSERT INTO "City" VALUES('1840400','南越前町','みなみえちぜんちょう','18','180000','010500');
INSERT INTO "City" VALUES('1842300','越前町','えちぜんちょう','18','180000','010500');
INSERT INTO "City" VALUES('1844200','美浜町','みはまちょう','18','180000','010500');
INSERT INTO "City" VALUES('1848100','高浜町','たかはまちょう','18','180000','010500');
INSERT INTO "City" VALUES('1848300','おおい町','おおいちょう','18','180000','010500');
INSERT INTO "City" VALUES('1850100','若狭町','わかさちょう','18','180000','010500');
INSERT INTO "City" VALUES('1920100','甲府市','こうふし','19','190000','010300');
INSERT INTO "City" VALUES('1920200','富士吉田市','ふじよしだし','19','190000','010300');
INSERT INTO "City" VALUES('1920400','都留市','つるし','19','190000','010300');
INSERT INTO "City" VALUES('1920500','山梨市','やまなしし','19','190000','010300');
INSERT INTO "City" VALUES('1920600','大月市','おおつきし','19','190000','010300');
INSERT INTO "City" VALUES('1920700','韮崎市','にらさきし','19','190000','010300');
INSERT INTO "City" VALUES('1920800','南アルプス市','みなみあるぷすし','19','190000','010300');
INSERT INTO "City" VALUES('1920900','北杜市','ほくとし','19','190000','010300');
INSERT INTO "City" VALUES('1921000','甲斐市','かいし','19','190000','010300');
INSERT INTO "City" VALUES('1921100','笛吹市','ふえふきし','19','190000','010300');
INSERT INTO "City" VALUES('1921200','上野原市','うえのはらし','19','190000','010300');
INSERT INTO "City" VALUES('1921300','甲州市','こうしゅうし','19','190000','010300');
INSERT INTO "City" VALUES('1921400','中央市','ちゅうおうし','19','190000','010300');
INSERT INTO "City" VALUES('1934600','市川三郷町','いちかわみさとちょう','19','190000','010300');
INSERT INTO "City" VALUES('1936400','早川町','はやかわちょう','19','190000','010300');
INSERT INTO "City" VALUES('1936500','身延町','みのぶちょう','19','190000','010300');
INSERT INTO "City" VALUES('1936600','南部町','なんぶちょう','19','190000','010300');
INSERT INTO "City" VALUES('1936800','富士川町','ふじかわちょう','19','190000','010300');
INSERT INTO "City" VALUES('1938400','昭和町','しょうわちょう','19','190000','010300');
INSERT INTO "City" VALUES('1942200','道志村','どうしむら','19','190000','010300');
INSERT INTO "City" VALUES('1942300','西桂町','にしかつらちょう','19','190000','010300');
INSERT INTO "City" VALUES('1942400','忍野村','おしのむら','19','190000','010300');
INSERT INTO "City" VALUES('1942500','山中湖村','やまなかこむら','19','190000','010300');
INSERT INTO "City" VALUES('1942900','鳴沢村','なるさわむら','19','190000','010300');
INSERT INTO "City" VALUES('1943000','富士河口湖町','ふじかわぐちこまち','19','190000','010300');
INSERT INTO "City" VALUES('1944200','小菅村','こすげむら','19','190000','010300');
INSERT INTO "City" VALUES('1944300','丹波山村','たばやまむら','19','190000','010300');
INSERT INTO "City" VALUES('2020100','長野市','ながのし','20','200000','010300');
INSERT INTO "City" VALUES('2020201','松本市松本','まつもとしまつもと','20','200000','010300');
INSERT INTO "City" VALUES('2020202','松本市乗鞍上高地','まつもとしのりくらかみこうち','20','200000','010300');
INSERT INTO "City" VALUES('2020300','上田市','うえだし','20','200000','010300');
INSERT INTO "City" VALUES('2020400','岡谷市','おかやし','20','200000','010300');
INSERT INTO "City" VALUES('2020500','飯田市','いいだし','20','200000','010300');
INSERT INTO "City" VALUES('2020600','諏訪市','すわし','20','200000','010300');
INSERT INTO "City" VALUES('2020700','須坂市','すざかし','20','200000','010300');
INSERT INTO "City" VALUES('2020800','小諸市','こもろし','20','200000','010300');
INSERT INTO "City" VALUES('2020900','伊那市','いなし','20','200000','010300');
INSERT INTO "City" VALUES('2021000','駒ヶ根市','こまがねし','20','200000','010300');
INSERT INTO "City" VALUES('2021100','中野市','なかのし','20','200000','010300');
INSERT INTO "City" VALUES('2021200','大町市','おおまちし','20','200000','010300');
INSERT INTO "City" VALUES('2021300','飯山市','いいやまし','20','200000','010300');
INSERT INTO "City" VALUES('2021400','茅野市','ちのし','20','200000','010300');
INSERT INTO "City" VALUES('2021501','塩尻市塩尻','しおじりししおじり','20','200000','010300');
INSERT INTO "City" VALUES('2021502','塩尻市楢川','しおじりしならかわ','20','200000','010300');
INSERT INTO "City" VALUES('2021700','佐久市','さくし','20','200000','010300');
INSERT INTO "City" VALUES('2021800','千曲市','ちくまし','20','200000','010300');
INSERT INTO "City" VALUES('2021900','東御市','とうみし','20','200000','010300');
INSERT INTO "City" VALUES('2022000','安曇野市','あづみのし','20','200000','010300');
INSERT INTO "City" VALUES('2030300','小海町','こうみまち','20','200000','010300');
INSERT INTO "City" VALUES('2030400','川上村','かわかみむら','20','200000','010300');
INSERT INTO "City" VALUES('2030500','南牧村','みなみまきむら','20','200000','010300');
INSERT INTO "City" VALUES('2030600','南相木村','みなみあいきむら','20','200000','010300');
INSERT INTO "City" VALUES('2030700','北相木村','きたあいきむら','20','200000','010300');
INSERT INTO "City" VALUES('2030900','佐久穂町','さくほまち','20','200000','010300');
INSERT INTO "City" VALUES('2032100','軽井沢町','かるいざわまち','20','200000','010300');
INSERT INTO "City" VALUES('2032300','御代田町','みよたまち','20','200000','010300');
INSERT INTO "City" VALUES('2032400','立科町','たてしなまち','20','200000','010300');
INSERT INTO "City" VALUES('2034900','青木村','あおきむら','20','200000','010300');
INSERT INTO "City" VALUES('2035000','長和町','ながわまち','20','200000','010300');
INSERT INTO "City" VALUES('2036100','下諏訪町','しもすわまち','20','200000','010300');
INSERT INTO "City" VALUES('2036200','富士見町','ふじみまち','20','200000','010300');
INSERT INTO "City" VALUES('2036300','原村','はらむら','20','200000','010300');
INSERT INTO "City" VALUES('2038200','辰野町','たつのまち','20','200000','010300');
INSERT INTO "City" VALUES('2038300','箕輪町','みのわまち','20','200000','010300');
INSERT INTO "City" VALUES('2038400','飯島町','いいじままち','20','200000','010300');
INSERT INTO "City" VALUES('2038500','南箕輪村','みなみみのわむら','20','200000','010300');
INSERT INTO "City" VALUES('2038600','中川村','なかがわむら','20','200000','010300');
INSERT INTO "City" VALUES('2038800','宮田村','みやだむら','20','200000','010300');
INSERT INTO "City" VALUES('2040200','松川町','まつかわまち','20','200000','010300');
INSERT INTO "City" VALUES('2040300','高森町','たかもりまち','20','200000','010300');
INSERT INTO "City" VALUES('2040400','阿南町','あなんちょう','20','200000','010300');
INSERT INTO "City" VALUES('2040700','阿智村','あちむら','20','200000','010300');
INSERT INTO "City" VALUES('2040900','平谷村','ひらやむら','20','200000','010300');
INSERT INTO "City" VALUES('2041000','根羽村','ねばむら','20','200000','010300');
INSERT INTO "City" VALUES('2041100','下條村','しもじょうむら','20','200000','010300');
INSERT INTO "City" VALUES('2041200','売木村','うるぎむら','20','200000','010300');
INSERT INTO "City" VALUES('2041300','天龍村','てんりゅうむら','20','200000','010300');
INSERT INTO "City" VALUES('2041400','泰阜村','やすおかむら','20','200000','010300');
INSERT INTO "City" VALUES('2041500','喬木村','たかぎむら','20','200000','010300');
INSERT INTO "City" VALUES('2041600','豊丘村','とよおかむら','20','200000','010300');
INSERT INTO "City" VALUES('2041700','大鹿村','おおしかむら','20','200000','010300');
INSERT INTO "City" VALUES('2042200','上松町','あげまつまち','20','200000','010300');
INSERT INTO "City" VALUES('2042300','南木曽町','なぎそまち','20','200000','010300');
INSERT INTO "City" VALUES('2042500','木祖村','きそむら','20','200000','010300');
INSERT INTO "City" VALUES('2042900','王滝村','おうたきむら','20','200000','010300');
INSERT INTO "City" VALUES('2043000','大桑村','おおくわむら','20','200000','010300');
INSERT INTO "City" VALUES('2043200','木曽町','きそまち','20','200000','010300');
INSERT INTO "City" VALUES('2044600','麻績村','おみむら','20','200000','010300');
INSERT INTO "City" VALUES('2044800','生坂村','いくさかむら','20','200000','010300');
INSERT INTO "City" VALUES('2045000','山形村','やまがたむら','20','200000','010300');
INSERT INTO "City" VALUES('2045100','朝日村','あさひむら','20','200000','010300');
INSERT INTO "City" VALUES('2045200','筑北村','ちくほくむら','20','200000','010300');
INSERT INTO "City" VALUES('2048100','池田町','いけだまち','20','200000','010300');
INSERT INTO "City" VALUES('2048200','松川村','まつかわむら','20','200000','010300');
INSERT INTO "City" VALUES('2048500','白馬村','はくばむら','20','200000','010300');
INSERT INTO "City" VALUES('2048600','小谷村','おたりむら','20','200000','010300');
INSERT INTO "City" VALUES('2052100','坂城町','さかきまち','20','200000','010300');
INSERT INTO "City" VALUES('2054100','小布施町','おぶせまち','20','200000','010300');
INSERT INTO "City" VALUES('2054300','高山村','たかやまむら','20','200000','010300');
INSERT INTO "City" VALUES('2056100','山ノ内町','やまのうちまち','20','200000','010300');
INSERT INTO "City" VALUES('2056200','木島平村','きじまだいらむら','20','200000','010300');
INSERT INTO "City" VALUES('2056300','野沢温泉村','のざわおんせんむら','20','200000','010300');
INSERT INTO "City" VALUES('2058300','信濃町','しなのまち','20','200000','010300');
INSERT INTO "City" VALUES('2058800','小川村','おがわむら','20','200000','010300');
INSERT INTO "City" VALUES('2059000','飯綱町','いいづなまち','20','200000','010300');
INSERT INTO "City" VALUES('2060200','栄村','さかえむら','20','200000','010300');
INSERT INTO "City" VALUES('2120100','岐阜市','ぎふし','21','210000','010400');
INSERT INTO "City" VALUES('2120200','大垣市','おおがきし','21','210000','010400');
INSERT INTO "City" VALUES('2120300','高山市','たかやまし','21','210000','010400');
INSERT INTO "City" VALUES('2120400','多治見市','たじみし','21','210000','010400');
INSERT INTO "City" VALUES('2120500','関市','せきし','21','210000','010400');
INSERT INTO "City" VALUES('2120600','中津川市','なかつがわし','21','210000','010400');
INSERT INTO "City" VALUES('2120700','美濃市','みのし','21','210000','010400');
INSERT INTO "City" VALUES('2120800','瑞浪市','みずなみし','21','210000','010400');
INSERT INTO "City" VALUES('2120900','羽島市','はしまし','21','210000','010400');
INSERT INTO "City" VALUES('2121000','恵那市','えなし','21','210000','010400');
INSERT INTO "City" VALUES('2121100','美濃加茂市','みのかもし','21','210000','010400');
INSERT INTO "City" VALUES('2121200','土岐市','ときし','21','210000','010400');
INSERT INTO "City" VALUES('2121300','各務原市','かかみがはらし','21','210000','010400');
INSERT INTO "City" VALUES('2121400','可児市','かにし','21','210000','010400');
INSERT INTO "City" VALUES('2121500','山県市','やまがたし','21','210000','010400');
INSERT INTO "City" VALUES('2121600','瑞穂市','みずほし','21','210000','010400');
INSERT INTO "City" VALUES('2121700','飛騨市','ひだし','21','210000','010400');
INSERT INTO "City" VALUES('2121800','本巣市','もとすし','21','210000','010400');
INSERT INTO "City" VALUES('2121900','郡上市','ぐじょうし','21','210000','010400');
INSERT INTO "City" VALUES('2122000','下呂市','げろし','21','210000','010400');
INSERT INTO "City" VALUES('2122100','海津市','かいづし','21','210000','010400');
INSERT INTO "City" VALUES('2130200','岐南町','ぎなんちょう','21','210000','010400');
INSERT INTO "City" VALUES('2130300','笠松町','かさまつちょう','21','210000','010400');
INSERT INTO "City" VALUES('2134100','養老町','ようろうちょう','21','210000','010400');
INSERT INTO "City" VALUES('2136100','垂井町','たるいちょう','21','210000','010400');
INSERT INTO "City" VALUES('2136200','関ケ原町','せきがはらちょう','21','210000','010400');
INSERT INTO "City" VALUES('2138100','神戸町','ごうどちょう','21','210000','010400');
INSERT INTO "City" VALUES('2138200','輪之内町','わのうちちょう','21','210000','010400');
INSERT INTO "City" VALUES('2138300','安八町','あんぱちちょう','21','210000','010400');
INSERT INTO "City" VALUES('2140100','揖斐川町','いびがわちょう','21','210000','010400');
INSERT INTO "City" VALUES('2140300','大野町','おおのちょう','21','210000','010400');
INSERT INTO "City" VALUES('2140400','池田町','いけだちょう','21','210000','010400');
INSERT INTO "City" VALUES('2142100','北方町','きたがたちょう','21','210000','010400');
INSERT INTO "City" VALUES('2150100','坂祝町','さかほぎちょう','21','210000','010400');
INSERT INTO "City" VALUES('2150200','富加町','とみかちょう','21','210000','010400');
INSERT INTO "City" VALUES('2150300','川辺町','かわべちょう','21','210000','010400');
INSERT INTO "City" VALUES('2150400','七宗町','ひちそうちょう','21','210000','010400');
INSERT INTO "City" VALUES('2150500','八百津町','やおつちょう','21','210000','010400');
INSERT INTO "City" VALUES('2150600','白川町','しらかわちょう','21','210000','010400');
INSERT INTO "City" VALUES('2150700','東白川村','ひがししらかわむら','21','210000','010400');
INSERT INTO "City" VALUES('2152100','御嵩町','みたけちょう','21','210000','010400');
INSERT INTO "City" VALUES('2160400','白川村','しらかわむら','21','210000','010400');
INSERT INTO "City" VALUES('2210001','静岡市南部','しずおかしなんぶ','22','220000','010400');
INSERT INTO "City" VALUES('2210002','静岡市北部','しずおかしほうぶ','22','220000','010400');
INSERT INTO "City" VALUES('2213001','浜松市南部','はままつしなんぶ','22','220000','010400');
INSERT INTO "City" VALUES('2213002','浜松市北部','はままつしほくぶ','22','220000','010400');
INSERT INTO "City" VALUES('2220300','沼津市','ぬまづし','22','220000','010400');
INSERT INTO "City" VALUES('2220500','熱海市','あたみし','22','220000','010400');
INSERT INTO "City" VALUES('2220600','三島市','みしまし','22','220000','010400');
INSERT INTO "City" VALUES('2220700','富士宮市','ふじのみやし','22','220000','010400');
INSERT INTO "City" VALUES('2220800','伊東市','いとうし','22','220000','010400');
INSERT INTO "City" VALUES('2220900','島田市','しまだし','22','220000','010400');
INSERT INTO "City" VALUES('2221000','富士市','ふじし','22','220000','010400');
INSERT INTO "City" VALUES('2221100','磐田市','いわたし','22','220000','010400');
INSERT INTO "City" VALUES('2221200','焼津市','やいづし','22','220000','010400');
INSERT INTO "City" VALUES('2221300','掛川市','かけがわし','22','220000','010400');
INSERT INTO "City" VALUES('2221400','藤枝市','ふじえだし','22','220000','010400');
INSERT INTO "City" VALUES('2221500','御殿場市','ごてんばし','22','220000','010400');
INSERT INTO "City" VALUES('2221600','袋井市','ふくろいし','22','220000','010400');
INSERT INTO "City" VALUES('2221900','下田市','しもだし','22','220000','010400');
INSERT INTO "City" VALUES('2222000','裾野市','すそのし','22','220000','010400');
INSERT INTO "City" VALUES('2222100','湖西市','こさいし','22','220000','010400');
INSERT INTO "City" VALUES('2222200','伊豆市','いずし','22','220000','010400');
INSERT INTO "City" VALUES('2222300','御前崎市','おまえざきし','22','220000','010400');
INSERT INTO "City" VALUES('2222400','菊川市','きくがわし','22','220000','010400');
INSERT INTO "City" VALUES('2222500','伊豆の国市','いずのくにし','22','220000','010400');
INSERT INTO "City" VALUES('2222600','牧之原市','まきのはらし','22','220000','010400');
INSERT INTO "City" VALUES('2230100','東伊豆町','ひがしいずちょう','22','220000','010400');
INSERT INTO "City" VALUES('2230200','河津町','かわづちょう','22','220000','010400');
INSERT INTO "City" VALUES('2230400','南伊豆町','みなみいずちょう','22','220000','010400');
INSERT INTO "City" VALUES('2230500','松崎町','まつざきちょう','22','220000','010400');
INSERT INTO "City" VALUES('2230600','西伊豆町','にしいずちょう','22','220000','010400');
INSERT INTO "City" VALUES('2232500','函南町','かんなみちょう','22','220000','010400');
INSERT INTO "City" VALUES('2234100','清水町','しみずちょう','22','220000','010400');
INSERT INTO "City" VALUES('2234200','長泉町','ながいずみちょう','22','220000','010400');
INSERT INTO "City" VALUES('2234400','小山町','おやまちょう','22','220000','010400');
INSERT INTO "City" VALUES('2242400','吉田町','よしだちょう','22','220000','010400');
INSERT INTO "City" VALUES('2242900','川根本町','かわねほんちょう','22','220000','010400');
INSERT INTO "City" VALUES('2246100','森町','もりまち','22','220000','010400');
INSERT INTO "City" VALUES('2310000','名古屋市','なごやし','23','230000','010400');
INSERT INTO "City" VALUES('2320100','豊橋市','とよはしし','23','230000','010400');
INSERT INTO "City" VALUES('2320200','岡崎市','おかざきし','23','230000','010400');
INSERT INTO "City" VALUES('2320300','一宮市','いちのみやし','23','230000','010400');
INSERT INTO "City" VALUES('2320400','瀬戸市','せとし','23','230000','010400');
INSERT INTO "City" VALUES('2320500','半田市','はんだし','23','230000','010400');
INSERT INTO "City" VALUES('2320600','春日井市','かすがいし','23','230000','010400');
INSERT INTO "City" VALUES('2320700','豊川市','とよかわし','23','230000','010400');
INSERT INTO "City" VALUES('2320800','津島市','つしまし','23','230000','010400');
INSERT INTO "City" VALUES('2320900','碧南市','へきなんし','23','230000','010400');
INSERT INTO "City" VALUES('2321000','刈谷市','かりやし','23','230000','010400');
INSERT INTO "City" VALUES('2321101','豊田市西部','とよたしせいぶ','23','230000','010400');
INSERT INTO "City" VALUES('2321102','豊田市東部','とよたしとうぶ','23','230000','010400');
INSERT INTO "City" VALUES('2321200','安城市','あんじょうし','23','230000','010400');
INSERT INTO "City" VALUES('2321300','西尾市','にしおし','23','230000','010400');
INSERT INTO "City" VALUES('2321400','蒲郡市','がまごおりし','23','230000','010400');
INSERT INTO "City" VALUES('2321500','犬山市','いぬやまし','23','230000','010400');
INSERT INTO "City" VALUES('2321600','常滑市','とこなめし','23','230000','010400');
INSERT INTO "City" VALUES('2321700','江南市','こうなんし','23','230000','010400');
INSERT INTO "City" VALUES('2321900','小牧市','こまきし','23','230000','010400');
INSERT INTO "City" VALUES('2322000','稲沢市','いなざわし','23','230000','010400');
INSERT INTO "City" VALUES('2322100','新城市','しんしろし','23','230000','010400');
INSERT INTO "City" VALUES('2322200','東海市','とうかいし','23','230000','010400');
INSERT INTO "City" VALUES('2322300','大府市','おおぶし','23','230000','010400');
INSERT INTO "City" VALUES('2322400','知多市','ちたし','23','230000','010400');
INSERT INTO "City" VALUES('2322500','知立市','ちりゅうし','23','230000','010400');
INSERT INTO "City" VALUES('2322600','尾張旭市','おわりあさひし','23','230000','010400');
INSERT INTO "City" VALUES('2322700','高浜市','たかはまし','23','230000','010400');
INSERT INTO "City" VALUES('2322800','岩倉市','いわくらし','23','230000','010400');
INSERT INTO "City" VALUES('2322900','豊明市','とよあけし','23','230000','010400');
INSERT INTO "City" VALUES('2323000','日進市','にっしんし','23','230000','010400');
INSERT INTO "City" VALUES('2323100','田原市','たはらし','23','230000','010400');
INSERT INTO "City" VALUES('2323200','愛西市','あいさいし','23','230000','010400');
INSERT INTO "City" VALUES('2323300','清須市','きよすし','23','230000','010400');
INSERT INTO "City" VALUES('2323400','北名古屋市','きたなごやし','23','230000','010400');
INSERT INTO "City" VALUES('2323500','弥富市','やとみし','23','230000','010400');
INSERT INTO "City" VALUES('2323600','みよし市','みよしし','23','230000','010400');
INSERT INTO "City" VALUES('2323700','あま市','あまし','23','230000','010400');
INSERT INTO "City" VALUES('2323800','長久手市','ながくてし','23','230000','010400');
INSERT INTO "City" VALUES('2330200','東郷町','とうごうちょう','23','230000','010400');
INSERT INTO "City" VALUES('2334200','豊山町','とよやまちょう','23','230000','010400');
INSERT INTO "City" VALUES('2336100','大口町','おおぐちちょう','23','230000','010400');
INSERT INTO "City" VALUES('2336200','扶桑町','ふそうちょう','23','230000','010400');
INSERT INTO "City" VALUES('2342400','大治町','おおはるちょう','23','230000','010400');
INSERT INTO "City" VALUES('2342500','蟹江町','かにえちょう','23','230000','010400');
INSERT INTO "City" VALUES('2342700','飛島村','とびしまむら','23','230000','010400');
INSERT INTO "City" VALUES('2344100','阿久比町','あぐいちょう','23','230000','010400');
INSERT INTO "City" VALUES('2344200','東浦町','ひがしうらちょう','23','230000','010400');
INSERT INTO "City" VALUES('2344500','南知多町','みなみちたちょう','23','230000','010400');
INSERT INTO "City" VALUES('2344600','美浜町','みはまちょう','23','230000','010400');
INSERT INTO "City" VALUES('2344700','武豊町','たけとよちょう','23','230000','010400');
INSERT INTO "City" VALUES('2350100','幸田町','こうたちょう','23','230000','010400');
INSERT INTO "City" VALUES('2356100','設楽町','したらちょう','23','230000','010400');
INSERT INTO "City" VALUES('2356200','東栄町','とうえいちょう','23','230000','010400');
INSERT INTO "City" VALUES('2356300','豊根村','とよねむら','23','230000','010400');
INSERT INTO "City" VALUES('2420100','津市','つし','24','240000','010400');
INSERT INTO "City" VALUES('2420200','四日市市','よっかいちし','24','240000','010400');
INSERT INTO "City" VALUES('2420300','伊勢市','いせし','24','240000','010400');
INSERT INTO "City" VALUES('2420400','松阪市','まつさかし','24','240000','010400');
INSERT INTO "City" VALUES('2420500','桑名市','くわなし','24','240000','010400');
INSERT INTO "City" VALUES('2420700','鈴鹿市','すずかし','24','240000','010400');
INSERT INTO "City" VALUES('2420800','名張市','なばりし','24','240000','010400');
INSERT INTO "City" VALUES('2420900','尾鷲市','おわせし','24','240000','010400');
INSERT INTO "City" VALUES('2421000','亀山市','かめやまし','24','240000','010400');
INSERT INTO "City" VALUES('2421100','鳥羽市','とばし','24','240000','010400');
INSERT INTO "City" VALUES('2421200','熊野市','くまのし','24','240000','010400');
INSERT INTO "City" VALUES('2421400','いなべ市','いなべし','24','240000','010400');
INSERT INTO "City" VALUES('2421500','志摩市','しまし','24','240000','010400');
INSERT INTO "City" VALUES('2421600','伊賀市','いがし','24','240000','010400');
INSERT INTO "City" VALUES('2430300','木曽岬町','きそさきちょう','24','240000','010400');
INSERT INTO "City" VALUES('2432400','東員町','とういんちょう','24','240000','010400');
INSERT INTO "City" VALUES('2434100','菰野町','こものちょう','24','240000','010400');
INSERT INTO "City" VALUES('2434300','朝日町','あさひちょう','24','240000','010400');
INSERT INTO "City" VALUES('2434400','川越町','かわごえちょう','24','240000','010400');
INSERT INTO "City" VALUES('2444100','多気町','たきちょう','24','240000','010400');
INSERT INTO "City" VALUES('2444200','明和町','めいわちょう','24','240000','010400');
INSERT INTO "City" VALUES('2444300','大台町','おおだいちょう','24','240000','010400');
INSERT INTO "City" VALUES('2446100','玉城町','たまきちょう','24','240000','010400');
INSERT INTO "City" VALUES('2447000','度会町','わたらいちょう','24','240000','010400');
INSERT INTO "City" VALUES('2447100','大紀町','たいきちょう','24','240000','010400');
INSERT INTO "City" VALUES('2447200','南伊勢町','みなみいせちょう','24','240000','010400');
INSERT INTO "City" VALUES('2454300','紀北町','きほくちょう','24','240000','010400');
INSERT INTO "City" VALUES('2456100','御浜町','みはまちょう','24','240000','010400');
INSERT INTO "City" VALUES('2456200','紀宝町','きほうちょう','24','240000','010400');
INSERT INTO "City" VALUES('2520101','大津市南部','おおつしなんぶ','25','250000','010600');
INSERT INTO "City" VALUES('2520102','大津市北部','おおつしほくぶ','25','250000','010600');
INSERT INTO "City" VALUES('2520200','彦根市','ひこねし','25','250000','010600');
INSERT INTO "City" VALUES('2520300','長浜市','ながはまし','25','250000','010600');
INSERT INTO "City" VALUES('2520400','近江八幡市','おうみはちまんし','25','250000','010600');
INSERT INTO "City" VALUES('2520600','草津市','くさつし','25','250000','010600');
INSERT INTO "City" VALUES('2520700','守山市','もりやまし','25','250000','010600');
INSERT INTO "City" VALUES('2520800','栗東市','りっとうし','25','250000','010600');
INSERT INTO "City" VALUES('2520900','甲賀市','こうかし','25','250000','010600');
INSERT INTO "City" VALUES('2521000','野洲市','やすし','25','250000','010600');
INSERT INTO "City" VALUES('2521100','湖南市','こなんし','25','250000','010600');
INSERT INTO "City" VALUES('2521200','高島市','たかしまし','25','250000','010600');
INSERT INTO "City" VALUES('2521300','東近江市','ひがしおうみし','25','250000','010600');
INSERT INTO "City" VALUES('2521400','米原市','まいばらし','25','250000','010600');
INSERT INTO "City" VALUES('2538300','日野町','ひのちょう','25','250000','010600');
INSERT INTO "City" VALUES('2538400','竜王町','りゅうおうちょう','25','250000','010600');
INSERT INTO "City" VALUES('2542500','愛荘町','あいしょうちょう','25','250000','010600');
INSERT INTO "City" VALUES('2544100','豊郷町','とよさとちょう','25','250000','010600');
INSERT INTO "City" VALUES('2544200','甲良町','こうらちょう','25','250000','010600');
INSERT INTO "City" VALUES('2544300','多賀町','たがちょう','25','250000','010600');
INSERT INTO "City" VALUES('2610000','京都市','きょうとし','26','260000','010600');
INSERT INTO "City" VALUES('2620100','福知山市','ふくちやまし','26','260000','010600');
INSERT INTO "City" VALUES('2620200','舞鶴市','まいづるし','26','260000','010600');
INSERT INTO "City" VALUES('2620300','綾部市','あやべし','26','260000','010600');
INSERT INTO "City" VALUES('2620400','宇治市','うじし','26','260000','010600');
INSERT INTO "City" VALUES('2620500','宮津市','みやづし','26','260000','010600');
INSERT INTO "City" VALUES('2620600','亀岡市','かめおかし','26','260000','010600');
INSERT INTO "City" VALUES('2620700','城陽市','じょうようし','26','260000','010600');
INSERT INTO "City" VALUES('2620800','向日市','むこうし','26','260000','010600');
INSERT INTO "City" VALUES('2620900','長岡京市','ながおかきょうし','26','260000','010600');
INSERT INTO "City" VALUES('2621000','八幡市','やわたし','26','260000','010600');
INSERT INTO "City" VALUES('2621100','京田辺市','きょうたなべし','26','260000','010600');
INSERT INTO "City" VALUES('2621200','京丹後市','きょうたんごし','26','260000','010600');
INSERT INTO "City" VALUES('2621300','南丹市','なんたんし','26','260000','010600');
INSERT INTO "City" VALUES('2621400','木津川市','きづがわし','26','260000','010600');
INSERT INTO "City" VALUES('2630300','大山崎町','おおやまざきちょう','26','260000','010600');
INSERT INTO "City" VALUES('2632200','久御山町','くみやまちょう','26','260000','010600');
INSERT INTO "City" VALUES('2634300','井手町','いでちょう','26','260000','010600');
INSERT INTO "City" VALUES('2634400','宇治田原町','うじたわらちょう','26','260000','010600');
INSERT INTO "City" VALUES('2636400','笠置町','かさぎちょう','26','260000','010600');
INSERT INTO "City" VALUES('2636500','和束町','わづかちょう','26','260000','010600');
INSERT INTO "City" VALUES('2636600','精華町','せいかちょう','26','260000','010600');
INSERT INTO "City" VALUES('2636700','南山城村','みなみやましろむら','26','260000','010600');
INSERT INTO "City" VALUES('2640700','京丹波町','きょうたんばちょう','26','260000','010600');
INSERT INTO "City" VALUES('2646300','伊根町','いねちょう','26','260000','010600');
INSERT INTO "City" VALUES('2646500','与謝野町','よさのちょう','26','260000','010600');
INSERT INTO "City" VALUES('2710000','大阪市','おおさかし','27','270000','010600');
INSERT INTO "City" VALUES('2714000','堺市','さかいし','27','270000','010600');
INSERT INTO "City" VALUES('2720200','岸和田市','きしわだし','27','270000','010600');
INSERT INTO "City" VALUES('2720300','豊中市','とよなかし','27','270000','010600');
INSERT INTO "City" VALUES('2720400','池田市','いけだし','27','270000','010600');
INSERT INTO "City" VALUES('2720500','吹田市','すいたし','27','270000','010600');
INSERT INTO "City" VALUES('2720600','泉大津市','いずみおおつし','27','270000','010600');
INSERT INTO "City" VALUES('2720700','高槻市','たかつきし','27','270000','010600');
INSERT INTO "City" VALUES('2720800','貝塚市','かいづかし','27','270000','010600');
INSERT INTO "City" VALUES('2720900','守口市','もりぐちし','27','270000','010600');
INSERT INTO "City" VALUES('2721000','枚方市','ひらかたし','27','270000','010600');
INSERT INTO "City" VALUES('2721100','茨木市','いばらきし','27','270000','010600');
INSERT INTO "City" VALUES('2721200','八尾市','やおし','27','270000','010600');
INSERT INTO "City" VALUES('2721300','泉佐野市','いずみさのし','27','270000','010600');
INSERT INTO "City" VALUES('2721400','富田林市','とんだばやしし','27','270000','010600');
INSERT INTO "City" VALUES('2721500','寝屋川市','ねやがわし','27','270000','010600');
INSERT INTO "City" VALUES('2721600','河内長野市','かわちながのし','27','270000','010600');
INSERT INTO "City" VALUES('2721700','松原市','まつばらし','27','270000','010600');
INSERT INTO "City" VALUES('2721800','大東市','だいとうし','27','270000','010600');
INSERT INTO "City" VALUES('2721900','和泉市','いずみし','27','270000','010600');
INSERT INTO "City" VALUES('2722000','箕面市','みのおし','27','270000','010600');
INSERT INTO "City" VALUES('2722100','柏原市','かしわらし','27','270000','010600');
INSERT INTO "City" VALUES('2722200','羽曳野市','はびきのし','27','270000','010600');
INSERT INTO "City" VALUES('2722300','門真市','かどまし','27','270000','010600');
INSERT INTO "City" VALUES('2722400','摂津市','せっつし','27','270000','010600');
INSERT INTO "City" VALUES('2722500','高石市','たかいしし','27','270000','010600');
INSERT INTO "City" VALUES('2722600','藤井寺市','ふじいでらし','27','270000','010600');
INSERT INTO "City" VALUES('2722700','東大阪市','ひがしおおさかし','27','270000','010600');
INSERT INTO "City" VALUES('2722800','泉南市','せんなんし','27','270000','010600');
INSERT INTO "City" VALUES('2722900','四條畷市','しじょうなわてし','27','270000','010600');
INSERT INTO "City" VALUES('2723000','交野市','かたのし','27','270000','010600');
INSERT INTO "City" VALUES('2723100','大阪狭山市','おおさかさやまし','27','270000','010600');
INSERT INTO "City" VALUES('2723200','阪南市','はんなんし','27','270000','010600');
INSERT INTO "City" VALUES('2730100','島本町','しまもとちょう','27','270000','010600');
INSERT INTO "City" VALUES('2732100','豊能町','とよのちょう','27','270000','010600');
INSERT INTO "City" VALUES('2732200','能勢町','のせちょう','27','270000','010600');
INSERT INTO "City" VALUES('2734100','忠岡町','ただおかちょう','27','270000','010600');
INSERT INTO "City" VALUES('2736100','熊取町','くまとりちょう','27','270000','010600');
INSERT INTO "City" VALUES('2736200','田尻町','たじりちょう','27','270000','010600');
INSERT INTO "City" VALUES('2736600','岬町','みさきちょう','27','270000','010600');
INSERT INTO "City" VALUES('2738100','太子町','たいしちょう','27','270000','010600');
INSERT INTO "City" VALUES('2738200','河南町','かなんちょう','27','270000','010600');
INSERT INTO "City" VALUES('2738300','千早赤阪村','ちはやあかさかむら','27','270000','010600');
INSERT INTO "City" VALUES('2810000','神戸市','こうべし','28','280000','010600');
INSERT INTO "City" VALUES('2820100','姫路市','ひめじし','28','280000','010600');
INSERT INTO "City" VALUES('2820200','尼崎市','あまがさきし','28','280000','010600');
INSERT INTO "City" VALUES('2820300','明石市','あかしし','28','280000','010600');
INSERT INTO "City" VALUES('2820400','西宮市','にしのみやし','28','280000','010600');
INSERT INTO "City" VALUES('2820500','洲本市','すもとし','28','280000','010600');
INSERT INTO "City" VALUES('2820600','芦屋市','あしやし','28','280000','010600');
INSERT INTO "City" VALUES('2820700','伊丹市','いたみし','28','280000','010600');
INSERT INTO "City" VALUES('2820800','相生市','あいおいし','28','280000','010600');
INSERT INTO "City" VALUES('2820900','豊岡市','とよおかし','28','280000','010600');
INSERT INTO "City" VALUES('2821000','加古川市','かこがわし','28','280000','010600');
INSERT INTO "City" VALUES('2821200','赤穂市','あこうし','28','280000','010600');
INSERT INTO "City" VALUES('2821300','西脇市','にしわきし','28','280000','010600');
INSERT INTO "City" VALUES('2821400','宝塚市','たからづかし','28','280000','010600');
INSERT INTO "City" VALUES('2821500','三木市','みきし','28','280000','010600');
INSERT INTO "City" VALUES('2821600','高砂市','たかさごし','28','280000','010600');
INSERT INTO "City" VALUES('2821700','川西市','かわにしし','28','280000','010600');
INSERT INTO "City" VALUES('2821800','小野市','おのし','28','280000','010600');
INSERT INTO "City" VALUES('2821900','三田市','さんだし','28','280000','010600');
INSERT INTO "City" VALUES('2822000','加西市','かさいし','28','280000','010600');
INSERT INTO "City" VALUES('2822100','丹波篠山市','たんばささやまし','28','280000','010600');
INSERT INTO "City" VALUES('2822200','養父市','やぶし','28','280000','010600');
INSERT INTO "City" VALUES('2822300','丹波市','たんばし','28','280000','010600');
INSERT INTO "City" VALUES('2822400','南あわじ市','みなみあわじし','28','280000','010600');
INSERT INTO "City" VALUES('2822500','朝来市','あさごし','28','280000','010600');
INSERT INTO "City" VALUES('2822600','淡路市','あわじし','28','280000','010600');
INSERT INTO "City" VALUES('2822700','宍粟市','しそうし','28','280000','010600');
INSERT INTO "City" VALUES('2822800','加東市','かとうし','28','280000','010600');
INSERT INTO "City" VALUES('2822900','たつの市','たつのし','28','280000','010600');
INSERT INTO "City" VALUES('2830100','猪名川町','いながわちょう','28','280000','010600');
INSERT INTO "City" VALUES('2836500','多可町','たかちょう','28','280000','010600');
INSERT INTO "City" VALUES('2838100','稲美町','いなみちょう','28','280000','010600');
INSERT INTO "City" VALUES('2838200','播磨町','はりまちょう','28','280000','010600');
INSERT INTO "City" VALUES('2844200','市川町','いちかわちょう','28','280000','010600');
INSERT INTO "City" VALUES('2844300','福崎町','ふくさきちょう','28','280000','010600');
INSERT INTO "City" VALUES('2844600','神河町','かみかわちょう','28','280000','010600');
INSERT INTO "City" VALUES('2846400','太子町','たいしちょう','28','280000','010600');
INSERT INTO "City" VALUES('2848100','上郡町','かみごおりちょう','28','280000','010600');
INSERT INTO "City" VALUES('2850100','佐用町','さようちょう','28','280000','010600');
INSERT INTO "City" VALUES('2858500','香美町','かみちょう','28','280000','010600');
INSERT INTO "City" VALUES('2858600','新温泉町','しんおんせんちょう','28','280000','010600');
INSERT INTO "City" VALUES('2920100','奈良市','ならし','29','290000','010600');
INSERT INTO "City" VALUES('2920200','大和高田市','やまとたかだし','29','290000','010600');
INSERT INTO "City" VALUES('2920300','大和郡山市','やまとこおりやまし','29','290000','010600');
INSERT INTO "City" VALUES('2920400','天理市','てんりし','29','290000','010600');
INSERT INTO "City" VALUES('2920500','橿原市','かしはらし','29','290000','010600');
INSERT INTO "City" VALUES('2920600','桜井市','さくらいし','29','290000','010600');
INSERT INTO "City" VALUES('2920701','五條市北部','ごじょうしほくぶ','29','290000','010600');
INSERT INTO "City" VALUES('2920702','五條市南部','ごじょうしなんぶ','29','290000','010600');
INSERT INTO "City" VALUES('2920800','御所市','ごせし','29','290000','010600');
INSERT INTO "City" VALUES('2920900','生駒市','いこまし','29','290000','010600');
INSERT INTO "City" VALUES('2921000','香芝市','かしばし','29','290000','010600');
INSERT INTO "City" VALUES('2921100','葛城市','かつらぎし','29','290000','010600');
INSERT INTO "City" VALUES('2921200','宇陀市','うだし','29','290000','010600');
INSERT INTO "City" VALUES('2932200','山添村','やまぞえむら','29','290000','010600');
INSERT INTO "City" VALUES('2934200','平群町','へぐりちょう','29','290000','010600');
INSERT INTO "City" VALUES('2934300','三郷町','さんごうちょう','29','290000','010600');
INSERT INTO "City" VALUES('2934400','斑鳩町','いかるがちょう','29','290000','010600');
INSERT INTO "City" VALUES('2934500','安堵町','あんどちょう','29','290000','010600');
INSERT INTO "City" VALUES('2936100','川西町','かわにしちょう','29','290000','010600');
INSERT INTO "City" VALUES('2936200','三宅町','みやけちょう','29','290000','010600');
INSERT INTO "City" VALUES('2936300','田原本町','たわらもとちょう','29','290000','010600');
INSERT INTO "City" VALUES('2938500','曽爾村','そにむら','29','290000','010600');
INSERT INTO "City" VALUES('2938600','御杖村','みつえむら','29','290000','010600');
INSERT INTO "City" VALUES('2940100','高取町','たかとりちょう','29','290000','010600');
INSERT INTO "City" VALUES('2940200','明日香村','あすかむら','29','290000','010600');
INSERT INTO "City" VALUES('2942400','上牧町','かんまきちょう','29','290000','010600');
INSERT INTO "City" VALUES('2942500','王寺町','おうじちょう','29','290000','010600');
INSERT INTO "City" VALUES('2942600','広陵町','こうりょうちょう','29','290000','010600');
INSERT INTO "City" VALUES('2942700','河合町','かわいちょう','29','290000','010600');
INSERT INTO "City" VALUES('2944100','吉野町','よしのちょう','29','290000','010600');
INSERT INTO "City" VALUES('2944200','大淀町','おおよどちょう','29','290000','010600');
INSERT INTO "City" VALUES('2944300','下市町','しもいちちょう','29','290000','010600');
INSERT INTO "City" VALUES('2944400','黒滝村','くろたきむら','29','290000','010600');
INSERT INTO "City" VALUES('2944600','天川村','てんかわむら','29','290000','010600');
INSERT INTO "City" VALUES('2944700','野迫川村','のせがわむら','29','290000','010600');
INSERT INTO "City" VALUES('2944900','十津川村','とつかわむら','29','290000','010600');
INSERT INTO "City" VALUES('2945000','下北山村','しもきたやまむら','29','290000','010600');
INSERT INTO "City" VALUES('2945100','上北山村','かみきたやまむら','29','290000','010600');
INSERT INTO "City" VALUES('2945200','川上村','かわかみむら','29','290000','010600');
INSERT INTO "City" VALUES('2945300','東吉野村','ひがしよしのむら','29','290000','010600');
INSERT INTO "City" VALUES('3020100','和歌山市','わかやまし','30','300000','010600');
INSERT INTO "City" VALUES('3020200','海南市','かいなんし','30','300000','010600');
INSERT INTO "City" VALUES('3020300','橋本市','はしもとし','30','300000','010600');
INSERT INTO "City" VALUES('3020400','有田市','ありだし','30','300000','010600');
INSERT INTO "City" VALUES('3020500','御坊市','ごぼうし','30','300000','010600');
INSERT INTO "City" VALUES('3020601','田辺市田辺','たなべしたなべ','30','300000','010600');
INSERT INTO "City" VALUES('3020602','田辺市龍神','たなべしりゅうじん','30','300000','010600');
INSERT INTO "City" VALUES('3020603','田辺市中辺路','たなべしなかへち','30','300000','010600');
INSERT INTO "City" VALUES('3020604','田辺市大塔','たなべしおおとう','30','300000','010600');
INSERT INTO "City" VALUES('3020605','田辺市本宮','たなべしほんぐう','30','300000','010600');
INSERT INTO "City" VALUES('3020700','新宮市','しんぐうし','30','300000','010600');
INSERT INTO "City" VALUES('3020800','紀の川市','きのかわし','30','300000','010600');
INSERT INTO "City" VALUES('3020900','岩出市','いわでし','30','300000','010600');
INSERT INTO "City" VALUES('3030400','紀美野町','きみのちょう','30','300000','010600');
INSERT INTO "City" VALUES('3034100','かつらぎ町','かつらぎちょう','30','300000','010600');
INSERT INTO "City" VALUES('3034300','九度山町','くどやまちょう','30','300000','010600');
INSERT INTO "City" VALUES('3034400','高野町','こうやちょう','30','300000','010600');
INSERT INTO "City" VALUES('3036100','湯浅町','ゆあさちょう','30','300000','010600');
INSERT INTO "City" VALUES('3036200','広川町','ひろがわちょう','30','300000','010600');
INSERT INTO "City" VALUES('3036600','有田川町','ありだがわちょう','30','300000','010600');
INSERT INTO "City" VALUES('3038100','美浜町','みはまちょう','30','300000','010600');
INSERT INTO "City" VALUES('3038200','日高町','ひだかちょう','30','300000','010600');
INSERT INTO "City" VALUES('3038300','由良町','ゆらちょう','30','300000','010600');
INSERT INTO "City" VALUES('3039000','印南町','いなみちょう','30','300000','010600');
INSERT INTO "City" VALUES('3039100','みなべ町','みなべちょう','30','300000','010600');
INSERT INTO "City" VALUES('3039200','日高川町','ひだかがわちょう','30','300000','010600');
INSERT INTO "City" VALUES('3040100','白浜町','しらはまちょう','30','300000','010600');
INSERT INTO "City" VALUES('3040400','上富田町','かみとんだちょう','30','300000','010600');
INSERT INTO "City" VALUES('3040600','すさみ町','すさみちょう','30','300000','010600');
INSERT INTO "City" VALUES('3042100','那智勝浦町','なちかつうらちょう','30','300000','010600');
INSERT INTO "City" VALUES('3042200','太地町','たいじちょう','30','300000','010600');
INSERT INTO "City" VALUES('3042400','古座川町','こざがわちょう','30','300000','010600');
INSERT INTO "City" VALUES('3042700','北山村','きたやまむら','30','300000','010600');
INSERT INTO "City" VALUES('3042800','串本町','くしもとちょう','30','300000','010600');
INSERT INTO "City" VALUES('3120101','鳥取市北部','とっとりしほくぶ','31','310000','010700');
INSERT INTO "City" VALUES('3120102','鳥取市南部','とっとりしなんぶ','31','310000','010700');
INSERT INTO "City" VALUES('3120200','米子市','よなごし','31','310000','010700');
INSERT INTO "City" VALUES('3120300','倉吉市','くらよしし','31','310000','010700');
INSERT INTO "City" VALUES('3120400','境港市','さかいみなとし','31','310000','010700');
INSERT INTO "City" VALUES('3130200','岩美町','いわみちょう','31','310000','010700');
INSERT INTO "City" VALUES('3132500','若桜町','わかさちょう','31','310000','010700');
INSERT INTO "City" VALUES('3132800','智頭町','ちづちょう','31','310000','010700');
INSERT INTO "City" VALUES('3132900','八頭町','やずちょう','31','310000','010700');
INSERT INTO "City" VALUES('3136400','三朝町','みささちょう','31','310000','010700');
INSERT INTO "City" VALUES('3137000','湯梨浜町','ゆりはまちょう','31','310000','010700');
INSERT INTO "City" VALUES('3137100','琴浦町','ことうらちょう','31','310000','010700');
INSERT INTO "City" VALUES('3137200','北栄町','ほくえいちょう','31','310000','010700');
INSERT INTO "City" VALUES('3138400','日吉津村','ひえづそん','31','310000','010700');
INSERT INTO "City" VALUES('3138600','大山町','だいせんちょう','31','310000','010700');
INSERT INTO "City" VALUES('3138900','南部町','なんぶちょう','31','310000','010700');
INSERT INTO "City" VALUES('3139000','伯耆町','ほうきちょう','31','310000','010700');
INSERT INTO "City" VALUES('3140100','日南町','にちなんちょう','31','310000','010700');
INSERT INTO "City" VALUES('3140200','日野町','ひのちょう','31','310000','010700');
INSERT INTO "City" VALUES('3140300','江府町','こうふちょう','31','310000','010700');
INSERT INTO "City" VALUES('3220100','松江市','まつえし','32','320000','010700');
INSERT INTO "City" VALUES('3220200','浜田市','はまだし','32','320000','010700');
INSERT INTO "City" VALUES('3220300','出雲市','いずもし','32','320000','010700');
INSERT INTO "City" VALUES('3220400','益田市','ますだし','32','320000','010700');
INSERT INTO "City" VALUES('3220500','大田市','おおだし','32','320000','010700');
INSERT INTO "City" VALUES('3220600','安来市','やすぎし','32','320000','010700');
INSERT INTO "City" VALUES('3220700','江津市','ごうつし','32','320000','010700');
INSERT INTO "City" VALUES('3220900','雲南市','うんなんし','32','320000','010700');
INSERT INTO "City" VALUES('3234300','奥出雲町','おくいずもちょう','32','320000','010700');
INSERT INTO "City" VALUES('3238600','飯南町','いいなんちょう','32','320000','010700');
INSERT INTO "City" VALUES('3244100','川本町','かわもとまち','32','320000','010700');
INSERT INTO "City" VALUES('3244800','美郷町','みさとちょう','32','320000','010700');
INSERT INTO "City" VALUES('3244900','邑南町','おおなんちょう','32','320000','010700');
INSERT INTO "City" VALUES('3250100','津和野町','つわのちょう','32','320000','010700');
INSERT INTO "City" VALUES('3250500','吉賀町','よしかちょう','32','320000','010700');
INSERT INTO "City" VALUES('3252500','海士町','あまちょう','32','320000','010700');
INSERT INTO "City" VALUES('3252600','西ノ島町','にしのしまちょう','32','320000','010700');
INSERT INTO "City" VALUES('3252700','知夫村','ちぶむら','32','320000','010700');
INSERT INTO "City" VALUES('3252800','隠岐の島町','おきのしまちょう','32','320000','010700');
INSERT INTO "City" VALUES('3310000','岡山市','おかやまし','33','330000','010700');
INSERT INTO "City" VALUES('3320200','倉敷市','くらしきし','33','330000','010700');
INSERT INTO "City" VALUES('3320300','津山市','つやまし','33','330000','010700');
INSERT INTO "City" VALUES('3320400','玉野市','たまのし','33','330000','010700');
INSERT INTO "City" VALUES('3320500','笠岡市','かさおかし','33','330000','010700');
INSERT INTO "City" VALUES('3320700','井原市','いばらし','33','330000','010700');
INSERT INTO "City" VALUES('3320800','総社市','そうじゃし','33','330000','010700');
INSERT INTO "City" VALUES('3320900','高梁市','たかはしし','33','330000','010700');
INSERT INTO "City" VALUES('3321000','新見市','にいみし','33','330000','010700');
INSERT INTO "City" VALUES('3321100','備前市','びぜんし','33','330000','010700');
INSERT INTO "City" VALUES('3321200','瀬戸内市','せとうちし','33','330000','010700');
INSERT INTO "City" VALUES('3321300','赤磐市','あかいわし','33','330000','010700');
INSERT INTO "City" VALUES('3321400','真庭市','まにわし','33','330000','010700');
INSERT INTO "City" VALUES('3321500','美作市','みまさかし','33','330000','010700');
INSERT INTO "City" VALUES('3321600','浅口市','あさくちし','33','330000','010700');
INSERT INTO "City" VALUES('3334600','和気町','わけちょう','33','330000','010700');
INSERT INTO "City" VALUES('3342300','早島町','はやしまちょう','33','330000','010700');
INSERT INTO "City" VALUES('3344500','里庄町','さとしょうちょう','33','330000','010700');
INSERT INTO "City" VALUES('3346100','矢掛町','やかげちょう','33','330000','010700');
INSERT INTO "City" VALUES('3358600','新庄村','しんじょうそん','33','330000','010700');
INSERT INTO "City" VALUES('3360600','鏡野町','かがみのちょう','33','330000','010700');
INSERT INTO "City" VALUES('3362200','勝央町','しょうおうちょう','33','330000','010700');
INSERT INTO "City" VALUES('3362300','奈義町','なぎちょう','33','330000','010700');
INSERT INTO "City" VALUES('3364300','西粟倉村','にしあわくらそん','33','330000','010700');
INSERT INTO "City" VALUES('3366300','久米南町','くめなんちょう','33','330000','010700');
INSERT INTO "City" VALUES('3366600','美咲町','みさきちょう','33','330000','010700');
INSERT INTO "City" VALUES('3368100','吉備中央町','きびちゅうおうちょう','33','330000','010700');
INSERT INTO "City" VALUES('3410000','広島市','ひろしまし','34','340000','010700');
INSERT INTO "City" VALUES('3420200','呉市','くれし','34','340000','010700');
INSERT INTO "City" VALUES('3420300','竹原市','たけはらし','34','340000','010700');
INSERT INTO "City" VALUES('3420400','三原市','みはらし','34','340000','010700');
INSERT INTO "City" VALUES('3420500','尾道市','おのみちし','34','340000','010700');
INSERT INTO "City" VALUES('3420700','福山市','ふくやまし','34','340000','010700');
INSERT INTO "City" VALUES('3420800','府中市','ふちゅうし','34','340000','010700');
INSERT INTO "City" VALUES('3420900','三次市','みよしし','34','340000','010700');
INSERT INTO "City" VALUES('3421000','庄原市','しょうばらし','34','340000','010700');
INSERT INTO "City" VALUES('3421100','大竹市','おおたけし','34','340000','010700');
INSERT INTO "City" VALUES('3421200','東広島市','ひがしひろしまし','34','340000','010700');
INSERT INTO "City" VALUES('3421300','廿日市市','はつかいちし','34','340000','010700');
INSERT INTO "City" VALUES('3421400','安芸高田市','あきたかたし','34','340000','010700');
INSERT INTO "City" VALUES('3421500','江田島市','えたじまし','34','340000','010700');
INSERT INTO "City" VALUES('3430200','府中町','ふちゅうちょう','34','340000','010700');
INSERT INTO "City" VALUES('3430400','海田町','かいたちょう','34','340000','010700');
INSERT INTO "City" VALUES('3430700','熊野町','くまのちょう','34','340000','010700');
INSERT INTO "City" VALUES('3430900','坂町','さかちょう','34','340000','010700');
INSERT INTO "City" VALUES('3436800','安芸太田町','あきおおたちょう','34','340000','010700');
INSERT INTO "City" VALUES('3436900','北広島町','きたひろしまちょう','34','340000','010700');
INSERT INTO "City" VALUES('3443100','大崎上島町','おおさきかみじまちょう','34','340000','010700');
INSERT INTO "City" VALUES('3446200','世羅町','せらちょう','34','340000','010700');
INSERT INTO "City" VALUES('3454500','神石高原町','じんせきこうげんちょう','34','340000','010700');
INSERT INTO "City" VALUES('3520100','下関市','しものせきし','35','350000','010900');
INSERT INTO "City" VALUES('3520200','宇部市','うべし','35','350000','010900');
INSERT INTO "City" VALUES('3520300','山口市','やまぐちし','35','350000','010900');
INSERT INTO "City" VALUES('3520400','萩市','はぎし','35','350000','010900');
INSERT INTO "City" VALUES('3520600','防府市','ほうふし','35','350000','010900');
INSERT INTO "City" VALUES('3520700','下松市','くだまつし','35','350000','010900');
INSERT INTO "City" VALUES('3520800','岩国市','いわくにし','35','350000','010900');
INSERT INTO "City" VALUES('3521000','光市','ひかりし','35','350000','010900');
INSERT INTO "City" VALUES('3521100','長門市','ながとし','35','350000','010900');
INSERT INTO "City" VALUES('3521200','柳井市','やないし','35','350000','010900');
INSERT INTO "City" VALUES('3521300','美祢市','みねし','35','350000','010900');
INSERT INTO "City" VALUES('3521500','周南市','しゅうなんし','35','350000','010900');
INSERT INTO "City" VALUES('3521600','山陽小野田市','さんようおのだし','35','350000','010900');
INSERT INTO "City" VALUES('3530500','周防大島町','すおうおおしまちょう','35','350000','010900');
INSERT INTO "City" VALUES('3532100','和木町','わきちょう','35','350000','010900');
INSERT INTO "City" VALUES('3534100','上関町','かみのせきちょう','35','350000','010900');
INSERT INTO "City" VALUES('3534300','田布施町','たぶせちょう','35','350000','010900');
INSERT INTO "City" VALUES('3534400','平生町','ひらおちょう','35','350000','010900');
INSERT INTO "City" VALUES('3550200','阿武町','あぶちょう','35','350000','010900');
INSERT INTO "City" VALUES('3620100','徳島市','とくしまし','36','360000','010800');
INSERT INTO "City" VALUES('3620200','鳴門市','なるとし','36','360000','010800');
INSERT INTO "City" VALUES('3620300','小松島市','こまつしまし','36','360000','010800');
INSERT INTO "City" VALUES('3620400','阿南市','あなんし','36','360000','010800');
INSERT INTO "City" VALUES('3620500','吉野川市','よしのがわし','36','360000','010800');
INSERT INTO "City" VALUES('3620600','阿波市','あわし','36','360000','010800');
INSERT INTO "City" VALUES('3620701','美馬市脇・美馬・穴吹','みましわき・みま・あなぶき','36','360000','010800');
INSERT INTO "City" VALUES('3620702','美馬市木屋平','みましこやだいら','36','360000','010800');
INSERT INTO "City" VALUES('3620800','三好市','みよしし','36','360000','010800');
INSERT INTO "City" VALUES('3630100','勝浦町','かつうらちょう','36','360000','010800');
INSERT INTO "City" VALUES('3630200','上勝町','かみかつちょう','36','360000','010800');
INSERT INTO "City" VALUES('3632100','佐那河内村','さなごうちそん','36','360000','010800');
INSERT INTO "City" VALUES('3634100','石井町','いしいちょう','36','360000','010800');
INSERT INTO "City" VALUES('3634200','神山町','かみやまちょう','36','360000','010800');
INSERT INTO "City" VALUES('3636800','那賀町','なかちょう','36','360000','010800');
INSERT INTO "City" VALUES('3638300','牟岐町','むぎちょう','36','360000','010800');
INSERT INTO "City" VALUES('3638700','美波町','みなみちょう','36','360000','010800');
INSERT INTO "City" VALUES('3638800','海陽町','かいようちょう','36','360000','010800');
INSERT INTO "City" VALUES('3640100','松茂町','まつしげちょう','36','360000','010800');
INSERT INTO "City" VALUES('3640200','北島町','きたじまちょう','36','360000','010800');
INSERT INTO "City" VALUES('3640300','藍住町','あいずみちょう','36','360000','010800');
INSERT INTO "City" VALUES('3640400','板野町','いたのちょう','36','360000','010800');
INSERT INTO "City" VALUES('3640500','上板町','かみいたちょう','36','360000','010800');
INSERT INTO "City" VALUES('3646801','つるぎ町半田・貞光','つるぎちょうはんだ・さだみつ','36','360000','010800');
INSERT INTO "City" VALUES('3646802','つるぎ町一宇','つるぎちょういちう','36','360000','010800');
INSERT INTO "City" VALUES('3648900','東みよし町','ひがしみよしちょう','36','360000','010800');
INSERT INTO "City" VALUES('3720100','高松市','たかまつし','37','370000','010800');
INSERT INTO "City" VALUES('3720200','丸亀市','まるがめし','37','370000','010800');
INSERT INTO "City" VALUES('3720300','坂出市','さかいでし','37','370000','010800');
INSERT INTO "City" VALUES('3720400','善通寺市','ぜんつうじし','37','370000','010800');
INSERT INTO "City" VALUES('3720500','観音寺市','かんおんじし','37','370000','010800');
INSERT INTO "City" VALUES('3720600','さぬき市','さぬきし','37','370000','010800');
INSERT INTO "City" VALUES('3720700','東かがわ市','ひがしかがわし','37','370000','010800');
INSERT INTO "City" VALUES('3720800','三豊市','みとよし','37','370000','010800');
INSERT INTO "City" VALUES('3732200','土庄町','とのしょうちょう','37','370000','010800');
INSERT INTO "City" VALUES('3732400','小豆島町','しょうどしまちょう','37','370000','010800');
INSERT INTO "City" VALUES('3734100','三木町','みきちょう','37','370000','010800');
INSERT INTO "City" VALUES('3736400','直島町','なおしまちょう','37','370000','010800');
INSERT INTO "City" VALUES('3738600','宇多津町','うたづちょう','37','370000','010800');
INSERT INTO "City" VALUES('3738700','綾川町','あやがわちょう','37','370000','010800');
INSERT INTO "City" VALUES('3740300','琴平町','ことひらちょう','37','370000','010800');
INSERT INTO "City" VALUES('3740400','多度津町','たどつちょう','37','370000','010800');
INSERT INTO "City" VALUES('3740600','まんのう町','まんのうちょう','37','370000','010800');
INSERT INTO "City" VALUES('3820100','松山市','まつやまし','38','380000','010800');
INSERT INTO "City" VALUES('3820200','今治市','いまばりし','38','380000','010800');
INSERT INTO "City" VALUES('3820300','宇和島市','うわじまし','38','380000','010800');
INSERT INTO "City" VALUES('3820400','八幡浜市','やわたはまし','38','380000','010800');
INSERT INTO "City" VALUES('3820500','新居浜市','にいはまし','38','380000','010800');
INSERT INTO "City" VALUES('3820600','西条市','さいじょうし','38','380000','010800');
INSERT INTO "City" VALUES('3820700','大洲市','おおずし','38','380000','010800');
INSERT INTO "City" VALUES('3821000','伊予市','いよし','38','380000','010800');
INSERT INTO "City" VALUES('3821300','四国中央市','しこくちゅうおうし','38','380000','010800');
INSERT INTO "City" VALUES('3821400','西予市','せいよし','38','380000','010800');
INSERT INTO "City" VALUES('3821500','東温市','とうおんし','38','380000','010800');
INSERT INTO "City" VALUES('3835600','上島町','かみじまちょう','38','380000','010800');
INSERT INTO "City" VALUES('3838600','久万高原町','くまこうげんちょう','38','380000','010800');
INSERT INTO "City" VALUES('3840100','松前町','まさきちょう','38','380000','010800');
INSERT INTO "City" VALUES('3840200','砥部町','とべちょう','38','380000','010800');
INSERT INTO "City" VALUES('3842200','内子町','うちこちょう','38','380000','010800');
INSERT INTO "City" VALUES('3844200','伊方町','いかたちょう','38','380000','010800');
INSERT INTO "City" VALUES('3848400','松野町','まつのちょう','38','380000','010800');
INSERT INTO "City" VALUES('3848800','鬼北町','きほくちょう','38','380000','010800');
INSERT INTO "City" VALUES('3850600','愛南町','あいなんちょう','38','380000','010800');
INSERT INTO "City" VALUES('3920100','高知市','こうちし','39','390000','010800');
INSERT INTO "City" VALUES('3920200','室戸市','むろとし','39','390000','010800');
INSERT INTO "City" VALUES('3920300','安芸市','あきし','39','390000','010800');
INSERT INTO "City" VALUES('3920400','南国市','なんこくし','39','390000','010800');
INSERT INTO "City" VALUES('3920500','土佐市','とさし','39','390000','010800');
INSERT INTO "City" VALUES('3920600','須崎市','すさきし','39','390000','010800');
INSERT INTO "City" VALUES('3920800','宿毛市','すくもし','39','390000','010800');
INSERT INTO "City" VALUES('3920900','土佐清水市','とさしみずし','39','390000','010800');
INSERT INTO "City" VALUES('3921000','四万十市','しまんとし','39','390000','010800');
INSERT INTO "City" VALUES('3921100','香南市','こうなんし','39','390000','010800');
INSERT INTO "City" VALUES('3921200','香美市','かみし','39','390000','010800');
INSERT INTO "City" VALUES('3930100','東洋町','とうようちょう','39','390000','010800');
INSERT INTO "City" VALUES('3930200','奈半利町','なはりちょう','39','390000','010800');
INSERT INTO "City" VALUES('3930300','田野町','たのちょう','39','390000','010800');
INSERT INTO "City" VALUES('3930400','安田町','やすだちょう','39','390000','010800');
INSERT INTO "City" VALUES('3930500','北川村','きたがわむら','39','390000','010800');
INSERT INTO "City" VALUES('3930600','馬路村','うまじむら','39','390000','010800');
INSERT INTO "City" VALUES('3930700','芸西村','げいせいむら','39','390000','010800');
INSERT INTO "City" VALUES('3934100','本山町','もとやまちょう','39','390000','010800');
INSERT INTO "City" VALUES('3934400','大豊町','おおとよちょう','39','390000','010800');
INSERT INTO "City" VALUES('3936300','土佐町','とさちょう','39','390000','010800');
INSERT INTO "City" VALUES('3936400','大川村','おおかわむら','39','390000','010800');
INSERT INTO "City" VALUES('3938600','いの町','いのちょう','39','390000','010800');
INSERT INTO "City" VALUES('3938700','仁淀川町','によどがわちょう','39','390000','010800');
INSERT INTO "City" VALUES('3940100','中土佐町','なかとさちょう','39','390000','010800');
INSERT INTO "City" VALUES('3940200','佐川町','さかわちょう','39','390000','010800');
INSERT INTO "City" VALUES('3940300','越知町','おちちょう','39','390000','010800');
INSERT INTO "City" VALUES('3940500','檮原町','ゆすはらちょう','39','390000','010800');
INSERT INTO "City" VALUES('3941000','日高村','ひだかむら','39','390000','010800');
INSERT INTO "City" VALUES('3941100','津野町','つのちょう','39','390000','010800');
INSERT INTO "City" VALUES('3941200','四万十町','しまんとちょう','39','390000','010800');
INSERT INTO "City" VALUES('3942400','大月町','おおつきちょう','39','390000','010800');
INSERT INTO "City" VALUES('3942700','三原村','みはらむら','39','390000','010800');
INSERT INTO "City" VALUES('3942800','黒潮町','くろしおちょう','39','390000','010800');
INSERT INTO "City" VALUES('4010000','北九州市','きたきゅうしゅうし','40','400000','010900');
INSERT INTO "City" VALUES('4013000','福岡市','ふくおかし','40','400000','010900');
INSERT INTO "City" VALUES('4020200','大牟田市','おおむたし','40','400000','010900');
INSERT INTO "City" VALUES('4020300','久留米市','くるめし','40','400000','010900');
INSERT INTO "City" VALUES('4020400','直方市','のおがたし','40','400000','010900');
INSERT INTO "City" VALUES('4020500','飯塚市','いいづかし','40','400000','010900');
INSERT INTO "City" VALUES('4020600','田川市','たがわし','40','400000','010900');
INSERT INTO "City" VALUES('4020700','柳川市','やながわし','40','400000','010900');
INSERT INTO "City" VALUES('4021000','八女市','やめし','40','400000','010900');
INSERT INTO "City" VALUES('4021100','筑後市','ちくごし','40','400000','010900');
INSERT INTO "City" VALUES('4021200','大川市','おおかわし','40','400000','010900');
INSERT INTO "City" VALUES('4021300','行橋市','ゆくはしし','40','400000','010900');
INSERT INTO "City" VALUES('4021400','豊前市','ぶぜんし','40','400000','010900');
INSERT INTO "City" VALUES('4021500','中間市','なかまし','40','400000','010900');
INSERT INTO "City" VALUES('4021600','小郡市','おごおりし','40','400000','010900');
INSERT INTO "City" VALUES('4021700','筑紫野市','ちくしのし','40','400000','010900');
INSERT INTO "City" VALUES('4021800','春日市','かすがし','40','400000','010900');
INSERT INTO "City" VALUES('4021900','大野城市','おおのじょうし','40','400000','010900');
INSERT INTO "City" VALUES('4022000','宗像市','むなかたし','40','400000','010900');
INSERT INTO "City" VALUES('4022100','太宰府市','だざいふし','40','400000','010900');
INSERT INTO "City" VALUES('4022300','古賀市','こがし','40','400000','010900');
INSERT INTO "City" VALUES('4022400','福津市','ふくつし','40','400000','010900');
INSERT INTO "City" VALUES('4022500','うきは市','うきはし','40','400000','010900');
INSERT INTO "City" VALUES('4022600','宮若市','みやわかし','40','400000','010900');
INSERT INTO "City" VALUES('4022700','嘉麻市','かまし','40','400000','010900');
INSERT INTO "City" VALUES('4022800','朝倉市','あさくらし','40','400000','010900');
INSERT INTO "City" VALUES('4022900','みやま市','みやまし','40','400000','010900');
INSERT INTO "City" VALUES('4023000','糸島市','いとしまし','40','400000','010900');
INSERT INTO "City" VALUES('4023100','那珂川市','なかがわし','40','400000','010900');
INSERT INTO "City" VALUES('4034100','宇美町','うみまち','40','400000','010900');
INSERT INTO "City" VALUES('4034200','篠栗町','ささぐりまち','40','400000','010900');
INSERT INTO "City" VALUES('4034300','志免町','しめまち','40','400000','010900');
INSERT INTO "City" VALUES('4034400','須恵町','すえまち','40','400000','010900');
INSERT INTO "City" VALUES('4034500','新宮町','しんぐうまち','40','400000','010900');
INSERT INTO "City" VALUES('4034800','久山町','ひさやままち','40','400000','010900');
INSERT INTO "City" VALUES('4034900','粕屋町','かすやまち','40','400000','010900');
INSERT INTO "City" VALUES('4038100','芦屋町','あしやまち','40','400000','010900');
INSERT INTO "City" VALUES('4038200','水巻町','みずまきまち','40','400000','010900');
INSERT INTO "City" VALUES('4038300','岡垣町','おかがきまち','40','400000','010900');
INSERT INTO "City" VALUES('4038400','遠賀町','おんがちょう','40','400000','010900');
INSERT INTO "City" VALUES('4040100','小竹町','こたけまち','40','400000','010900');
INSERT INTO "City" VALUES('4040200','鞍手町','くらてまち','40','400000','010900');
INSERT INTO "City" VALUES('4042100','桂川町','けいせんまち','40','400000','010900');
INSERT INTO "City" VALUES('4044700','筑前町','ちくぜんまち','40','400000','010900');
INSERT INTO "City" VALUES('4044800','東峰村','とうほうむら','40','400000','010900');
INSERT INTO "City" VALUES('4050300','大刀洗町','たちあらいまち','40','400000','010900');
INSERT INTO "City" VALUES('4052200','大木町','おおきまち','40','400000','010900');
INSERT INTO "City" VALUES('4054400','広川町','ひろかわまち','40','400000','010900');
INSERT INTO "City" VALUES('4060100','香春町','かわらまち','40','400000','010900');
INSERT INTO "City" VALUES('4060200','添田町','そえだまち','40','400000','010900');
INSERT INTO "City" VALUES('4060400','糸田町','いとだまち','40','400000','010900');
INSERT INTO "City" VALUES('4060500','川崎町','かわさきまち','40','400000','010900');
INSERT INTO "City" VALUES('4060800','大任町','おおとうまち','40','400000','010900');
INSERT INTO "City" VALUES('4060900','赤村','あかむら','40','400000','010900');
INSERT INTO "City" VALUES('4061000','福智町','ふくちまち','40','400000','010900');
INSERT INTO "City" VALUES('4062100','苅田町','かんだまち','40','400000','010900');
INSERT INTO "City" VALUES('4062500','みやこ町','みやこまち','40','400000','010900');
INSERT INTO "City" VALUES('4064200','吉富町','よしとみまち','40','400000','010900');
INSERT INTO "City" VALUES('4064600','上毛町','こうげまち','40','400000','010900');
INSERT INTO "City" VALUES('4064700','築上町','ちくじょうまち','40','400000','010900');
INSERT INTO "City" VALUES('4120100','佐賀市','さがし','41','410000','010900');
INSERT INTO "City" VALUES('4120200','唐津市','からつし','41','410000','010900');
INSERT INTO "City" VALUES('4120300','鳥栖市','とすし','41','410000','010900');
INSERT INTO "City" VALUES('4120400','多久市','たくし','41','410000','010900');
INSERT INTO "City" VALUES('4120500','伊万里市','いまりし','41','410000','010900');
INSERT INTO "City" VALUES('4120600','武雄市','たけおし','41','410000','010900');
INSERT INTO "City" VALUES('4120700','鹿島市','かしまし','41','410000','010900');
INSERT INTO "City" VALUES('4120800','小城市','おぎし','41','410000','010900');
INSERT INTO "City" VALUES('4120900','嬉野市','うれしのし','41','410000','010900');
INSERT INTO "City" VALUES('4121000','神埼市','かんざきし','41','410000','010900');
INSERT INTO "City" VALUES('4132700','吉野ヶ里町','よしのがりちょう','41','410000','010900');
INSERT INTO "City" VALUES('4134100','基山町','きやまちょう','41','410000','010900');
INSERT INTO "City" VALUES('4134500','上峰町','かみみねちょう','41','410000','010900');
INSERT INTO "City" VALUES('4134600','みやき町','みやきちょう','41','410000','010900');
INSERT INTO "City" VALUES('4138700','玄海町','げんかいちょう','41','410000','010900');
INSERT INTO "City" VALUES('4140100','有田町','ありたちょう','41','410000','010900');
INSERT INTO "City" VALUES('4142300','大町町','おおまちちょう','41','410000','010900');
INSERT INTO "City" VALUES('4142400','江北町','こうほくまち','41','410000','010900');
INSERT INTO "City" VALUES('4142500','白石町','しろいしちょう','41','410000','010900');
INSERT INTO "City" VALUES('4144100','太良町','たらちょう','41','410000','010900');
INSERT INTO "City" VALUES('4220100','長崎市','ながさきし','42','420000','010900');
INSERT INTO "City" VALUES('4220201','佐世保市（宇久地域を除く）','させぼし','42','420000','010900');
INSERT INTO "City" VALUES('4220202','佐世保市（宇久地域）','させぼし','42','420000','010900');
INSERT INTO "City" VALUES('4220300','島原市','しまばらし','42','420000','010900');
INSERT INTO "City" VALUES('4220400','諫早市','いさはやし','42','420000','010900');
INSERT INTO "City" VALUES('4220500','大村市','おおむらし','42','420000','010900');
INSERT INTO "City" VALUES('4220700','平戸市','ひらどし','42','420000','010900');
INSERT INTO "City" VALUES('4220800','松浦市','まつうらし','42','420000','010900');
INSERT INTO "City" VALUES('4220901','対馬市下対馬','つしまししもつしま','42','420000','010900');
INSERT INTO "City" VALUES('4220902','対馬市上対馬','つしましかみつしま','42','420000','010900');
INSERT INTO "City" VALUES('4221000','壱岐市','いきし','42','420000','010900');
INSERT INTO "City" VALUES('4221100','五島市','ごとうし','42','420000','010900');
INSERT INTO "City" VALUES('4221201','西海市（江島・平島を除く）','さいかいし','42','420000','010900');
INSERT INTO "City" VALUES('4221202','西海市（江島・平島）','さいかいし','42','420000','010900');
INSERT INTO "City" VALUES('4221300','雲仙市','うんぜんし','42','420000','010900');
INSERT INTO "City" VALUES('4221400','南島原市','みなみしまばらし','42','420000','010900');
INSERT INTO "City" VALUES('4230700','長与町','ながよちょう','42','420000','010900');
INSERT INTO "City" VALUES('4230800','時津町','とぎつちょう','42','420000','010900');
INSERT INTO "City" VALUES('4232100','東彼杵町','ひがしそのぎちょう','42','420000','010900');
INSERT INTO "City" VALUES('4232200','川棚町','かわたなちょう','42','420000','010900');
INSERT INTO "City" VALUES('4232300','波佐見町','はさみちょう','42','420000','010900');
INSERT INTO "City" VALUES('4238300','小値賀町','おぢかちょう','42','420000','010900');
INSERT INTO "City" VALUES('4239100','佐々町','さざちょう','42','420000','010900');
INSERT INTO "City" VALUES('4241100','新上五島町','しんかみごとうちょう','42','420000','010900');
INSERT INTO "City" VALUES('4310000','熊本市','くまもとし','43','430000','010900');
INSERT INTO "City" VALUES('4320200','八代市','やつしろし','43','430000','010900');
INSERT INTO "City" VALUES('4320300','人吉市','ひとよしし','43','430000','010900');
INSERT INTO "City" VALUES('4320400','荒尾市','あらおし','43','430000','010900');
INSERT INTO "City" VALUES('4320500','水俣市','みなまたし','43','430000','010900');
INSERT INTO "City" VALUES('4320600','玉名市','たまなし','43','430000','010900');
INSERT INTO "City" VALUES('4320800','山鹿市','やまがし','43','430000','010900');
INSERT INTO "City" VALUES('4321000','菊池市','きくちし','43','430000','010900');
INSERT INTO "City" VALUES('4321100','宇土市','うとし','43','430000','010900');
INSERT INTO "City" VALUES('4321200','上天草市','かみあまくさし','43','430000','010900');
INSERT INTO "City" VALUES('4321300','宇城市','うきし','43','430000','010900');
INSERT INTO "City" VALUES('4321400','阿蘇市','あそし','43','430000','010900');
INSERT INTO "City" VALUES('4321500','天草市','あまくさし','43','430000','010900');
INSERT INTO "City" VALUES('4321600','合志市','こうしし','43','430000','010900');
INSERT INTO "City" VALUES('4334800','美里町','みさとまち','43','430000','010900');
INSERT INTO "City" VALUES('4336400','玉東町','ぎょくとうまち','43','430000','010900');
INSERT INTO "City" VALUES('4336700','南関町','なんかんまち','43','430000','010900');
INSERT INTO "City" VALUES('4336800','長洲町','ながすまち','43','430000','010900');
INSERT INTO "City" VALUES('4336900','和水町','なごみまち','43','430000','010900');
INSERT INTO "City" VALUES('4340300','大津町','おおづまち','43','430000','010900');
INSERT INTO "City" VALUES('4340400','菊陽町','きくようまち','43','430000','010900');
INSERT INTO "City" VALUES('4342300','南小国町','みなみおぐにまち','43','430000','010900');
INSERT INTO "City" VALUES('4342400','小国町','おぐにまち','43','430000','010900');
INSERT INTO "City" VALUES('4342500','産山村','うぶやまむら','43','430000','010900');
INSERT INTO "City" VALUES('4342800','高森町','たかもりまち','43','430000','010900');
INSERT INTO "City" VALUES('4343200','西原村','にしはらむら','43','430000','010900');
INSERT INTO "City" VALUES('4343300','南阿蘇村','みなみあそむら','43','430000','010900');
INSERT INTO "City" VALUES('4344100','御船町','みふねまち','43','430000','010900');
INSERT INTO "City" VALUES('4344200','嘉島町','かしままち','43','430000','010900');
INSERT INTO "City" VALUES('4344300','益城町','ましきまち','43','430000','010900');
INSERT INTO "City" VALUES('4344400','甲佐町','こうさまち','43','430000','010900');
INSERT INTO "City" VALUES('4344700','山都町','やまとちょう','43','430000','010900');
INSERT INTO "City" VALUES('4346800','氷川町','ひかわちょう','43','430000','010900');
INSERT INTO "City" VALUES('4348200','芦北町','あしきたまち','43','430000','010900');
INSERT INTO "City" VALUES('4348400','津奈木町','つなぎまち','43','430000','010900');
INSERT INTO "City" VALUES('4350100','錦町','にしきまち','43','430000','010900');
INSERT INTO "City" VALUES('4350500','多良木町','たらぎまち','43','430000','010900');
INSERT INTO "City" VALUES('4350600','湯前町','ゆのまえまち','43','430000','010900');
INSERT INTO "City" VALUES('4350700','水上村','みずかみむら','43','430000','010900');
INSERT INTO "City" VALUES('4351000','相良村','さがらむら','43','430000','010900');
INSERT INTO "City" VALUES('4351100','五木村','いつきむら','43','430000','010900');
INSERT INTO "City" VALUES('4351200','山江村','やまえむら','43','430000','010900');
INSERT INTO "City" VALUES('4351300','球磨村','くまむら','43','430000','010900');
INSERT INTO "City" VALUES('4351400','あさぎり町','あさぎりちょう','43','430000','010900');
INSERT INTO "City" VALUES('4353100','苓北町','れいほくまち','43','430000','010900');
INSERT INTO "City" VALUES('4420100','大分市','おおいたし','44','440000','010900');
INSERT INTO "City" VALUES('4420200','別府市','べっぷし','44','440000','010900');
INSERT INTO "City" VALUES('4420300','中津市','なかつし','44','440000','010900');
INSERT INTO "City" VALUES('4420400','日田市','ひたし','44','440000','010900');
INSERT INTO "City" VALUES('4420500','佐伯市','さいきし','44','440000','010900');
INSERT INTO "City" VALUES('4420600','臼杵市','うすきし','44','440000','010900');
INSERT INTO "City" VALUES('4420700','津久見市','つくみし','44','440000','010900');
INSERT INTO "City" VALUES('4420800','竹田市','たけたし','44','440000','010900');
INSERT INTO "City" VALUES('4420900','豊後高田市','ぶんごたかだし','44','440000','010900');
INSERT INTO "City" VALUES('4421000','杵築市','きつきし','44','440000','010900');
INSERT INTO "City" VALUES('4421100','宇佐市','うさし','44','440000','010900');
INSERT INTO "City" VALUES('4421200','豊後大野市','ぶんごおおのし','44','440000','010900');
INSERT INTO "City" VALUES('4421300','由布市','ゆふし','44','440000','010900');
INSERT INTO "City" VALUES('4421400','国東市','くにさきし','44','440000','010900');
INSERT INTO "City" VALUES('4432200','姫島村','ひめしまむら','44','440000','010900');
INSERT INTO "City" VALUES('4434100','日出町','ひじまち','44','440000','010900');
INSERT INTO "City" VALUES('4446100','九重町','ここのえまち','44','440000','010900');
INSERT INTO "City" VALUES('4446200','玖珠町','くすまち','44','440000','010900');
INSERT INTO "City" VALUES('4520100','宮崎市','みやざきし','45','450000','011000');
INSERT INTO "City" VALUES('4520200','都城市','みやこのじょうし','45','450000','011000');
INSERT INTO "City" VALUES('4520300','延岡市','のべおかし','45','450000','011000');
INSERT INTO "City" VALUES('4520400','日南市','にちなんし','45','450000','011000');
INSERT INTO "City" VALUES('4520500','小林市','こばやしし','45','450000','011000');
INSERT INTO "City" VALUES('4520600','日向市','ひゅうがし','45','450000','011000');
INSERT INTO "City" VALUES('4520700','串間市','くしまし','45','450000','011000');
INSERT INTO "City" VALUES('4520800','西都市','さいとし','45','450000','011000');
INSERT INTO "City" VALUES('4520900','えびの市','えびのし','45','450000','011000');
INSERT INTO "City" VALUES('4534100','三股町','みまたちょう','45','450000','011000');
INSERT INTO "City" VALUES('4536100','高原町','たかはるちょう','45','450000','011000');
INSERT INTO "City" VALUES('4538200','国富町','くにとみちょう','45','450000','011000');
INSERT INTO "City" VALUES('4538300','綾町','あやちょう','45','450000','011000');
INSERT INTO "City" VALUES('4540100','高鍋町','たかなべちょう','45','450000','011000');
INSERT INTO "City" VALUES('4540200','新富町','しんとみちょう','45','450000','011000');
INSERT INTO "City" VALUES('4540300','西米良村','にしめらそん','45','450000','011000');
INSERT INTO "City" VALUES('4540400','木城町','きじょうちょう','45','450000','011000');
INSERT INTO "City" VALUES('4540500','川南町','かわみなみちょう','45','450000','011000');
INSERT INTO "City" VALUES('4540600','都農町','つのちょう','45','450000','011000');
INSERT INTO "City" VALUES('4542100','門川町','かどがわちょう','45','450000','011000');
INSERT INTO "City" VALUES('4542900','諸塚村','もろつかそん','45','450000','011000');
INSERT INTO "City" VALUES('4543000','椎葉村','しいばそん','45','450000','011000');
INSERT INTO "City" VALUES('4543100','美郷町','みさとちょう','45','450000','011000');
INSERT INTO "City" VALUES('4544100','高千穂町','たかちほちょう','45','450000','011000');
INSERT INTO "City" VALUES('4544200','日之影町','ひのかげちょう','45','450000','011000');
INSERT INTO "City" VALUES('4544300','五ヶ瀬町','ごかせちょう','45','450000','011000');
INSERT INTO "City" VALUES('4620100','鹿児島市','かごしまし','46','460100','011000');
INSERT INTO "City" VALUES('4620300','鹿屋市','かのやし','46','460100','011000');
INSERT INTO "City" VALUES('4620400','枕崎市','まくらざきし','46','460100','011000');
INSERT INTO "City" VALUES('4620600','阿久根市','あくねし','46','460100','011000');
INSERT INTO "City" VALUES('4620800','出水市','いずみし','46','460100','011000');
INSERT INTO "City" VALUES('4621000','指宿市','いぶすきし','46','460100','011000');
INSERT INTO "City" VALUES('4621300','西之表市','にしのおもてし','46','460100','011000');
INSERT INTO "City" VALUES('4621400','垂水市','たるみずし','46','460100','011000');
INSERT INTO "City" VALUES('4621501','薩摩川内市','さつませんだいし','46','460100','011000');
INSERT INTO "City" VALUES('4621502','薩摩川内市甑島','さつませんだいしこしきしま','46','460100','011000');
INSERT INTO "City" VALUES('4621600','日置市','ひおきし','46','460100','011000');
INSERT INTO "City" VALUES('4621700','曽於市','そおし','46','460100','011000');
INSERT INTO "City" VALUES('4621800','霧島市','きりしまし','46','460100','011000');
INSERT INTO "City" VALUES('4621900','いちき串木野市','いちきくしきのし','46','460100','011000');
INSERT INTO "City" VALUES('4622000','南さつま市','みなみさつまし','46','460100','011000');
INSERT INTO "City" VALUES('4622100','志布志市','しぶしし','46','460100','011000');
INSERT INTO "City" VALUES('4622200','奄美市','あまみし','46','460040','011000');
INSERT INTO "City" VALUES('4622300','南九州市','みなみきゅうしゅうし','46','460100','011000');
INSERT INTO "City" VALUES('4622400','伊佐市','いさし','46','460100','011000');
INSERT INTO "City" VALUES('4622500','姶良市','あいらし','46','460100','011000');
INSERT INTO "City" VALUES('4630300','三島村','みしまむら','46','460100','011000');
INSERT INTO "City" VALUES('4630400','十島村','としまむら','46','460040','011000');
INSERT INTO "City" VALUES('4639200','さつま町','さつまちょう','46','460100','011000');
INSERT INTO "City" VALUES('4640400','長島町','ながしまちょう','46','460100','011000');
INSERT INTO "City" VALUES('4645200','湧水町','ゆうすいちょう','46','460100','011000');
INSERT INTO "City" VALUES('4646800','大崎町','おおさきちょう','46','460100','011000');
INSERT INTO "City" VALUES('4648200','東串良町','ひがしくしらちょう','46','460100','011000');
INSERT INTO "City" VALUES('4649000','錦江町','きんこうちょう','46','460100','011000');
INSERT INTO "City" VALUES('4649100','南大隅町','みなみおおすみちょう','46','460100','011000');
INSERT INTO "City" VALUES('4649200','肝付町','きもつきちょう','46','460100','011000');
INSERT INTO "City" VALUES('4650100','中種子町','なかたねちょう','46','460100','011000');
INSERT INTO "City" VALUES('4650200','南種子町','みなみたねちょう','46','460100','011000');
INSERT INTO "City" VALUES('4650500','屋久島町','やくしまちょう','46','460100','011000');
INSERT INTO "City" VALUES('4652300','大和村','やまとそん','46','460040','011000');
INSERT INTO "City" VALUES('4652400','宇検村','うけんそん','46','460040','011000');
INSERT INTO "City" VALUES('4652500','瀬戸内町','せとうちちょう','46','460040','011000');
INSERT INTO "City" VALUES('4652700','龍郷町','たつごうちょう','46','460040','011000');
INSERT INTO "City" VALUES('4652900','喜界町','きかいちょう','46','460040','011000');
INSERT INTO "City" VALUES('4653000','徳之島町','とくのしまちょう','46','460040','011000');
INSERT INTO "City" VALUES('4653100','天城町','あまぎちょう','46','460040','011000');
INSERT INTO "City" VALUES('4653200','伊仙町','いせんちょう','46','460040','011000');
INSERT INTO "City" VALUES('4653300','和泊町','わどまりちょう','46','460040','011000');
INSERT INTO "City" VALUES('4653400','知名町','ちなちょう','46','460040','011000');
INSERT INTO "City" VALUES('4653500','与論町','よろんちょう','46','460040','011000');
INSERT INTO "City" VALUES('4720100','那覇市','なはし','47','471000','011100');
INSERT INTO "City" VALUES('4720500','宜野湾市','ぎのわんし','47','471000','011100');
INSERT INTO "City" VALUES('4720700','石垣市','いしがきし','47','474000','011100');
INSERT INTO "City" VALUES('4720800','浦添市','うらそえし','47','471000','011100');
INSERT INTO "City" VALUES('4720900','名護市','なごし','47','471000','011100');
INSERT INTO "City" VALUES('4721000','糸満市','いとまんし','47','471000','011100');
INSERT INTO "City" VALUES('4721100','沖縄市','おきなわし','47','471000','011100');
INSERT INTO "City" VALUES('4721200','豊見城市','とみぐすくし','47','471000','011100');
INSERT INTO "City" VALUES('4721300','うるま市','うるまし','47','471000','011100');
INSERT INTO "City" VALUES('4721400','宮古島市','みやこじまし','47','473000','011100');
INSERT INTO "City" VALUES('4721500','南城市','なんじょうし','47','471000','011100');
INSERT INTO "City" VALUES('4730100','国頭村','くにがみそん','47','471000','011100');
INSERT INTO "City" VALUES('4730200','大宜味村','おおぎみそん','47','471000','011100');
INSERT INTO "City" VALUES('4730300','東村','ひがしそん','47','471000','011100');
INSERT INTO "City" VALUES('4730600','今帰仁村','なきじんそん','47','471000','011100');
INSERT INTO "City" VALUES('4730800','本部町','もとぶちょう','47','471000','011100');
INSERT INTO "City" VALUES('4731100','恩納村','おんなそん','47','471000','011100');
INSERT INTO "City" VALUES('4731300','宜野座村','ぎのざそん','47','471000','011100');
INSERT INTO "City" VALUES('4731400','金武町','きんちょう','47','471000','011100');
INSERT INTO "City" VALUES('4731500','伊江村','いえそん','47','471000','011100');
INSERT INTO "City" VALUES('4732400','読谷村','よみたんそん','47','471000','011100');
INSERT INTO "City" VALUES('4732500','嘉手納町','かでなちょう','47','471000','011100');
INSERT INTO "City" VALUES('4732600','北谷町','ちゃたんちょう','47','471000','011100');
INSERT INTO "City" VALUES('4732700','北中城村','きたなかぐすくそん','47','471000','011100');
INSERT INTO "City" VALUES('4732800','中城村','なかぐすくそん','47','471000','011100');
INSERT INTO "City" VALUES('4732900','西原町','にしはらちょう','47','471000','011100');
INSERT INTO "City" VALUES('4734800','与那原町','よなばるちょう','47','471000','011100');
INSERT INTO "City" VALUES('4735000','南風原町','はえばるちょう','47','471000','011100');
INSERT INTO "City" VALUES('4735300','渡嘉敷村','とかしきそん','47','471000','011100');
INSERT INTO "City" VALUES('4735400','座間味村','ざまみそん','47','471000','011100');
INSERT INTO "City" VALUES('4735500','粟国村','あぐにそん','47','471000','011100');
INSERT INTO "City" VALUES('4735600','渡名喜村','となきそん','47','471000','011100');
INSERT INTO "City" VALUES('4735700','南大東村','みなみだいとうそん','47','472000','011100');
INSERT INTO "City" VALUES('4735800','北大東村','きただいとうそん','47','472000','011100');
INSERT INTO "City" VALUES('4735900','伊平屋村','いへやそん','47','471000','011100');
INSERT INTO "City" VALUES('4736000','伊是名村','いぜなそん','47','471000','011100');
INSERT INTO "City" VALUES('4736100','久米島町','くめじまちょう','47','471000','011100');
INSERT INTO "City" VALUES('4736200','八重瀬町','やえせちょう','47','471000','011100');
INSERT INTO "City" VALUES('4737500','多良間村','たらまそん','47','473000','011100');
INSERT INTO "City" VALUES('4738100','竹富町','たけとみちょう','47','474000','011100');
INSERT INTO "City" VALUES('4738200','与那国町','よなぐにちょう','47','474000','011100');
CREATE TABLE Office(id text primary key, name text, area text);
INSERT INTO "Office" VALUES('011000','稚内地方気象台','宗谷地方');
INSERT INTO "Office" VALUES('012000','旭川地方気象台','上川・留萌地方');
INSERT INTO "Office" VALUES('013000','網走地方気象台','網走・北見・紋別地方');
INSERT INTO "Office" VALUES('014030','帯広測候所','十勝地方');
INSERT INTO "Office" VALUES('014100','釧路地方気象台','釧路・根室地方');
INSERT INTO "Office" VALUES('015000','室蘭地方気象台','胆振・日高地方');
INSERT INTO "Office" VALUES('016000','札幌管区気象台','石狩・空知・後志地方');
INSERT INTO "Office" VALUES('017000','函館地方気象台','渡島・檜山地方');
INSERT INTO "Office" VALUES('020000','青森地方気象台','青森県');
INSERT INTO "Office" VALUES('030000','盛岡地方気象台','岩手県');
INSERT INTO "Office" VALUES('040000','仙台管区気象台','宮城県');
INSERT INTO "Office" VALUES('050000','秋田地方気象台','秋田県');
INSERT INTO "Office" VALUES('060000','山形地方気象台','山形県');
INSERT INTO "Office" VALUES('070000','福島地方気象台','福島県');
INSERT INTO "Office" VALUES('080000','水戸地方気象台','茨城県');
INSERT INTO "Office" VALUES('090000','宇都宮地方気象台','栃木県');
INSERT INTO "Office" VALUES('100000','前橋地方気象台','群馬県');
INSERT INTO "Office" VALUES('110000','熊谷地方気象台','埼玉県');
INSERT INTO "Office" VALUES('120000','銚子地方気象台','千葉県');
INSERT INTO "Office" VALUES('130000','気象庁','東京都');
INSERT INTO "Office" VALUES('140000','横浜地方気象台','神奈川県');
INSERT INTO "Office" VALUES('150000','新潟地方気象台','新潟県');
INSERT INTO "Office" VALUES('160000','富山地方気象台','富山県');
INSERT INTO "Office" VALUES('170000','金沢地方気象台','石川県');
INSERT INTO "Office" VALUES('180000','福井地方気象台','福井県');
INSERT INTO "Office" VALUES('190000','甲府地方気象台','山梨県');
INSERT INTO "Office" VALUES('200000','長野地方気象台','長野県');
INSERT INTO "Office" VALUES('210000','岐阜地方気象台','岐阜県');
INSERT INTO "Office" VALUES('220000','静岡地方気象台','静岡県');
INSERT INTO "Office" VALUES('230000','名古屋地方気象台','愛知県');
INSERT INTO "Office" VALUES('240000','津地方気象台','三重県');
INSERT INTO "Office" VALUES('250000','彦根地方気象台','滋賀県');
INSERT INTO "Office" VALUES('260000','京都地方気象台','京都府');
INSERT INTO "Office" VALUES('270000','大阪管区気象台','大阪府');
INSERT INTO "Office" VALUES('280000','神戸地方気象台','兵庫県');
INSERT INTO "Office" VALUES('290000','奈良地方気象台','奈良県');
INSERT INTO "Office" VALUES('300000','和歌山地方気象台','和歌山県');
INSERT INTO "Office" VALUES('310000','鳥取地方気象台','鳥取県');
INSERT INTO "Office" VALUES('320000','松江地方気象台','島根県');
INSERT INTO "Office" VALUES('330000','岡山地方気象台','岡山県');
INSERT INTO "Office" VALUES('340000','広島地方気象台','広島県');
INSERT INTO "Office" VALUES('350000','下関地方気象台','山口県');
INSERT INTO "Office" VALUES('360000','徳島地方気象台','徳島県');
INSERT INTO "Office" VALUES('370000','高松地方気象台','香川県');
INSERT INTO "Office" VALUES('380000','松山地方気象台','愛媛県');
INSERT INTO "Office" VALUES('390000','高知地方気象台','高知県');
INSERT INTO "Office" VALUES('400000','福岡管区気象台','福岡県');
INSERT INTO "Office" VALUES('410000','佐賀地方気象台','佐賀県');
INSERT INTO "Office" VALUES('420000','長崎地方気象台','長崎県');
INSERT INTO "Office" VALUES('430000','熊本地方気象台','熊本県');
INSERT INTO "Office" VALUES('440000','大分地方気象台','大分県');
INSERT INTO "Office" VALUES('450000','宮崎地方気象台','宮崎県');
INSERT INTO "Office" VALUES('460040','名瀬測候所','奄美地方');
INSERT INTO "Office" VALUES('460100','鹿児島地方気象台','鹿児島県');
INSERT INTO "Office" VALUES('471000','沖縄気象台','沖縄本島地方');
INSERT INTO "Office" VALUES('472000','南大東島地方気象台','大東島地方');
INSERT INTO "Office" VALUES('473000','宮古島地方気象台','宮古島地方');
INSERT INTO "Office" VALUES('474000','石垣島地方気象台','八重山地方');
CREATE TABLE Prefecture(id text primary key, name text, kana text);
INSERT INTO "Prefecture" VALUES('01','北海道','ﾎｯｶｲﾄﾞｳ');
INSERT INTO "Prefecture" VALUES('02','青森県','ｱｵﾓﾘｹﾝ');
INSERT INTO "Prefecture" VALUES('03','岩手県','ｲﾜﾃｹﾝ');
INSERT INTO "Prefecture" VALUES('04','宮城県','ﾐﾔｷﾞｹﾝ');
INSERT INTO "Prefecture" VALUES('05','秋田県','ｱｷﾀｹﾝ');
INSERT INTO "Prefecture" VALUES('06','山形県','ﾔﾏｶﾞﾀｹﾝ');
INSERT INTO "Prefecture" VALUES('07','福島県','ﾌｸｼﾏｹﾝ');
INSERT INTO "Prefecture" VALUES('08','茨城県','ｲﾊﾞﾗｷｹﾝ');
INSERT INTO "Prefecture" VALUES('09','栃木県','ﾄﾁｷﾞｹﾝ');
INSERT INTO "Prefecture" VALUES('10','群馬県','ｸﾞﾝﾏｹﾝ');
INSERT INTO "Prefecture" VALUES('11','埼玉県','ｻｲﾀﾏｹﾝ');
INSERT INTO "Prefecture" VALUES('12','千葉県','ﾁﾊﾞｹﾝ');
INSERT INTO "Prefecture" VALUES('13','東京都','ﾄｳｷｮｳﾄ');
INSERT INTO "Prefecture" VALUES('14','神奈川県','ｶﾅｶﾞﾜｹﾝ');
INSERT INTO "Prefecture" VALUES('15','新潟県','ﾆｲｶﾞﾀｹﾝ');
INSERT INTO "Prefecture" VALUES('16','富山県','ﾄﾔﾏｹﾝ');
INSERT INTO "Prefecture" VALUES('17','石川県','ｲｼｶﾜｹﾝ');
INSERT INTO "Prefecture" VALUES('18','福井県','ﾌｸｲｹﾝ');
INSERT INTO "Prefecture" VALUES('19','山梨県','ﾔﾏﾅｼｹﾝ');
INSERT INTO "Prefecture" VALUES('20','長野県','ﾅｶﾞﾉｹﾝ');
INSERT INTO "Prefecture" VALUES('21','岐阜県','ｷﾞﾌｹﾝ');
INSERT INTO "Prefecture" VALUES('22','静岡県','ｼｽﾞｵｶｹﾝ');
INSERT INTO "Prefecture" VALUES('23','愛知県','ｱｲﾁｹﾝ');
INSERT INTO "Prefecture" VALUES('24','三重県','ﾐｴｹﾝ');
INSERT INTO "Prefecture" VALUES('25','滋賀県','ｼｶﾞｹﾝ');
INSERT INTO "Prefecture" VALUES('26','京都府','ｷｮｳﾄﾌ');
INSERT INTO "Prefecture" VALUES('27','大阪府','ｵｵｻｶﾌ');
INSERT INTO "Prefecture" VALUES('28','兵庫県','ﾋｮｳｺﾞｹﾝ');
INSERT INTO "Prefecture" VALUES('29','奈良県','ﾅﾗｹﾝ');
INSERT INTO "Prefecture" VALUES('30','和歌山県','ﾜｶﾔﾏｹﾝ');
INSERT INTO "Prefecture" VALUES('31','鳥取県','ﾄｯﾄﾘｹﾝ');
INSERT INTO "Prefecture" VALUES('32','島根県','ｼﾏﾈｹﾝ');
INSERT INTO "Prefecture" VALUES('33','岡山県','ｵｶﾔﾏｹﾝ');
INSERT INTO "Prefecture" VALUES('34','広島県','ﾋﾛｼﾏｹﾝ');
INSERT INTO "Prefecture" VALUES('35','山口県','ﾔﾏｸﾞﾁｹﾝ');
INSERT INTO "Prefecture" VALUES('36','徳島県','ﾄｸｼﾏｹﾝ');
INSERT INTO "Prefecture" VALUES('37','香川県','ｶｶﾞﾜｹﾝ');
INSERT INTO "Prefecture" VALUES('38','愛媛県','ｴﾋﾒｹﾝ');
INSERT INTO "Prefecture" VALUES('39','高知県','ｺｳﾁｹﾝ');
INSERT INTO "Prefecture" VALUES('40','福岡県','ﾌｸｵｶｹﾝ');
INSERT INTO "Prefecture" VALUES('41','佐賀県','ｻｶﾞｹﾝ');
INSERT INTO "Prefecture" VALUES('42','長崎県','ﾅｶﾞｻｷｹﾝ');
INSERT INTO "Prefecture" VALUES('43','熊本県','ｸﾏﾓﾄｹﾝ');
INSERT INTO "Prefecture" VALUES('44','大分県','ｵｵｲﾀｹﾝ');
INSERT INTO "Prefecture" VALUES('45','宮崎県','ﾐﾔｻﾞｷｹﾝ');
INSERT INTO "Prefecture" VALUES('46','鹿児島県','ｶｺﾞｼﾏｹﾝ');
INSERT INTO "Prefecture" VALUES('47','沖縄県','ｵｷﾅﾜｹﾝ');
CREATE TABLE Region(id text primary key, name text, office TEXT);
INSERT INTO "Region" VALUES('010100','北海道地方','札幌管区気象台');
INSERT INTO "Region" VALUES('010200','東北地方','仙台管区気象台');
INSERT INTO "Region" VALUES('010300','関東甲信地方','気象庁');
INSERT INTO "Region" VALUES('010500','北陸地方','新潟地方気象台');
INSERT INTO "Region" VALUES('010400','東海地方','名古屋地方気象台');
INSERT INTO "Region" VALUES('010600','近畿地方','大阪管区気象台');
INSERT INTO "Region" VALUES('010700','中国地方','広島地方気象台');
INSERT INTO "Region" VALUES('010900','九州北部','福岡管区気象台');
INSERT INTO "Region" VALUES('010800','四国地方','高松地方気象台');
INSERT INTO "Region" VALUES('011000','九州南部','鹿児島地方気象台');
INSERT INTO "Region" VALUES('011100','沖縄地方','沖縄気象台');
COMMIT;
